player,team,height,weight
A.C. Green,MIA,205.74,102.0582
A.J. Bramlett,CLE,208.28,102.965384
A.J. Guyton,GSW,185.42,81.64656
A.J. Lawson,DAL,198.12,81.19296800000001
AJ Green,MIL,195.58,86.18248
AJ Griffin,ATL,198.12,99.79024
AJ Hammons,DAL,213.36,117.93392
AJ Price,CLE,187.96,88.45044
Aaron Brooks,MIN,182.88,73.028312
Aaron Gordon,DEN,203.2,106.59412
Aaron Gray,SAC,213.36,122.46984
Aaron Harrison,DAL,198.12,95.25432
Aaron Henry,PHI,195.58,95.25432
Aaron Holiday,ATL,182.88,83.91452
Aaron Jackson,HOU,190.5,83.007336
Aaron McKie,LAL,195.58,94.800728
Aaron Miles,GSW,185.42,86.18248
Aaron Nesmith,IND,195.58,97.52228
Aaron Wiggins,OKC,195.58,86.18248
Aaron Williams,LAC,205.74,106.59412
Abdel Nader,PHX,195.58,102.0582
Acie Earl,MIL,210.82,108.86208
Acie Law,GSW,190.5,91.625584
Adam Harrington,DEN,195.58,90.7184
Adam Keefe,GSW,205.74,104.32616
Adam Mokoka,CHI,193.04,86.18248
Adam Morrison,LAL,203.2,92.98636
Ade Murkey,SAC,195.58,90.7184
Admiral Schofield,ORL,195.58,109.315672
Adonal Foyle,ORL,208.28,122.46984
Adonis Jordan,MIL,180.34,77.11064
Adonis Thomas,PHI,200.66,108.86208
Adreian Payne,ORL,208.28,107.501304
Adrian Caldwell,DAL,203.2,120.20188
Adrian Griffin,SEA,195.58,104.32616
Ahmad Caver,IND,187.96,78.92500799999999
Al Harrington,WAS,205.74,111.13004
Al Horford,BOS,205.74,108.86208
Al Jefferson,IND,208.28,127.00576
Al Thornton,GSW,203.2,106.59412
Al-Farouq Aminu,CHI,203.2,99.79024
Alan Anderson,LAC,198.12,99.79024
Alan Henderson,PHI,205.74,108.86208
Alan Williams,BKN,203.2,120.20188
Alando Tucker,MIN,198.12,92.98636
Alec Burks,DET,198.12,97.068688
Alec Peters,PHX,205.74,106.59412
Aleem Ford,ORL,203.2,99.79024
Alekesej Pokusevski,OKC,213.36,86.18248
Aleksandar Djordjevic,POR,187.96,89.811216
Aleksandar Radojevic,UTA,220.98,113.398
Aleksej Pokusevski,OKC,213.36,95.25432
Alen Smailagic,GSW,208.28,97.52228
Alex Abrines,OKC,198.12,90.7184
Alex Acker,LAC,195.58,83.91452
Alex Caruso,CHI,195.58,84.368112
Alex Garcia,NOH,190.5,88.45044
Alex Kirk,CLE,213.36,111.13004
Alex Len,SAC,218.44,113.398
Alex Poythress,ATL,205.74,106.59412
Alex Scales,SAS,193.04,88.45044
Alex Stepheson,MEM,208.28,122.46984
Alexander Johnson,MIA,205.74,104.32616
Alexey Shved,NYK,198.12,84.821704
Alexis Ajinca,NOP,218.44,112.490816
Alfonzo McKinnie,CHI,200.66,97.52228
Alize Johnson,SAS,203.2,96.161504
Allan Houston,NYK,198.12,92.98636
Allan Ray,BOS,187.96,86.18248
Allen Crabbe,MIN,195.58,96.161504
Allen Iverson,PHI,182.88,74.84268
Allonzo Trier,NYK,193.04,90.7184
Alondes Williams,BKN,193.04,95.25432
Alonzo Gee,DEN,198.12,102.0582
Alonzo Mourning,MIA,208.28,118.38751200000002
Alperen Sengun,HOU,210.82,110.222856
Alton Ford,HOU,205.74,127.00576
Alton Lister,POR,213.36,111.13004
Alvin Jones,PHI,210.82,120.20188
Alvin Sims,PHX,193.04,106.59412
Alvin Williams,LAC,195.58,88.45044
Amal McCaskill,PHI,210.82,106.59412
Amar'e Stoudemire,MIA,208.28,111.13004
Amida Brimah,IND,208.28,104.32616
Amile Jefferson,ORL,205.74,100.697424
Amir Coffey,LAC,200.66,95.25432
Amir Johnson,PHI,205.74,108.86208
Anderson Varejao,CLE,210.82,117.93392
Andrae Patterson,MIN,205.74,107.954896
Andray Blatche,BKN,210.82,117.93392
Andre Barrett,LAC,177.8,78.471416
Andre Brown,CHA,205.74,111.13004
Andre Dawkins,MIA,195.58,99.336648
Andre Drummond,CHI,210.82,126.552168
Andre Emmett,NJN,195.58,104.32616
Andre Iguodala,GSW,198.12,97.52228
Andre Ingram,LAL,190.5,86.18248
Andre Miller,SAS,190.5,90.7184
Andre Owens,IND,193.04,90.7184
Andre Roberson,BKN,200.66,95.25432
Andrea Bargnani,BKN,213.36,111.13004
Andreas Glyniadakis,SEA,215.9,127.00576
Andrei Kirilenko,BKN,205.74,106.59412
Andres Nocioni,PHI,200.66,102.0582
Andrew Bogut,GSW,213.36,117.93392
Andrew Bynum,IND,213.36,129.27372
Andrew DeClercq,ORL,208.28,115.66596
Andrew Gaze,SAS,200.66,92.98636
Andrew Goudelock,HOU,190.5,90.7184
Andrew Harrison,NOP,198.12,96.615096
Andrew Lang,NYK,210.82,124.7378
Andrew Nembhard,IND,190.5,86.636072
Andrew Nicholson,BKN,205.74,113.398
Andrew White III,ATL,200.66,95.25432
Andrew Wiggins,GSW,200.66,89.357624
Andris Biedrins,UTA,213.36,113.398
Andy Panko,ATL,205.74,111.13004
Andy Rautins,NYK,193.04,86.18248
Anfernee Hardaway,MIA,200.66,97.52228
Anfernee Simons,POR,190.5,82.10015200000001
Angel Delgado,LAC,208.28,111.13004
Ansu Sesay,GSW,205.74,102.0582
Antawn Jamison,LAC,205.74,106.59412
Ante Zizic,CLE,208.28,120.655472
Anthony Avent,LAC,205.74,108.86208
Anthony Bennett,BKN,203.2,106.59412
Anthony Bowie,NYK,198.12,90.7184
Anthony Brown,MIN,200.66,101.604608
Anthony Carter,TOR,185.42,86.18248
Anthony Davis,LAL,208.28,114.758776
Anthony Edwards,MIN,193.04,102.0582
Anthony Gill,WAS,203.2,104.32616
Anthony Goldwire,LAC,187.96,82.553744
Anthony Grundy,ATL,190.5,83.91452
Anthony Johnson,ORL,190.5,88.45044
Anthony Lamb,GSW,198.12,102.965384
Anthony Mason,MIL,203.2,115.66596
Anthony Miller,ATL,205.74,115.66596
Anthony Morrow,CHI,195.58,95.25432
Anthony Parker,CLE,198.12,95.25432
Anthony Peeler,WAS,193.04,94.347136
Anthony Randolph,DEN,210.82,102.0582
Anthony Roberson,CHI,187.96,81.64656
Anthony Tolliver,PHI,203.2,108.86208
Antoine Carr,VAN,205.74,102.0582
Antoine Rigaudeau,DAL,200.66,95.25432
Antoine Walker,MIN,205.74,111.13004
Antoine Wright,SAC,200.66,97.52228
Antonio Anderson,OKC,198.12,97.52228
Antonio Blakeney,CHI,193.04,87.089664
Antonio Burks,MEM,182.88,88.45044
Antonio Daniels,PHI,193.04,92.98636
Antonio Davis,TOR,205.74,111.13004
Antonio Harvey,ATL,210.82,113.398
Antonio Lang,PHI,203.2,92.98636
Antonio McDyess,SAS,205.74,111.13004
Antonis Fotsis,MEM,208.28,99.336648
Antonius Cleveland,DAL,195.58,88.45044
Anzejs Pasecniks,WAS,215.9,103.872568
Archie Goodwin,BKN,195.58,92.98636
Arinze Onuaku,ORL,205.74,115.66596
Armen Gilliam,UTA,205.74,117.93392
Armon Johnson,NJN,190.5,88.45044
Armoni Brooks,TOR,190.5,88.45044
Arnett Moultrie,PHI,208.28,108.86208
Arnoldas Kulboka,CHA,208.28,94.800728
Aron Baynes,TOR,208.28,117.93392
Arron Afflalo,ORL,195.58,95.25432
Art Long,TOR,205.74,113.398
Arvydas Macijauskas,NOK,193.04,97.068688
Arvydas Sabonis,POR,220.98,132.448864
Ashraf Amaya,WAS,203.2,104.32616
Ashton Hagans,MIN,190.5,86.18248
Austin Croshere,SAS,208.28,108.86208
Austin Daye,ATL,210.82,99.79024
Austin Reaves,LAL,195.58,89.357624
Austin Rivers,MIN,193.04,90.7184
Avery Bradley,LAL,190.5,81.64656
Avery Johnson,GSW,180.34,83.91452
Awvee Storey,MIL,198.12,102.0582
Axel Toupane,MIL,200.66,95.25432
Ayo Dosunmu,CHI,195.58,90.7184
B.J. Armstrong,CHI,187.96,83.91452
BJ Johnson,ORL,198.12,90.7184
Bam Adebayo,MIA,205.74,115.66596
Baron Davis,NYK,190.5,96.161504
Ben Bentil,DAL,205.74,106.59412
Ben Davis,PHX,205.74,111.13004
Ben Gordon,ORL,190.5,92.98636
Ben Handlogten,UTA,208.28,108.86208
Ben Hansbrough,IND,190.5,92.079176
Ben McLemore,POR,190.5,88.45044
Ben Moore,IND,203.2,99.79024
Ben Simmons,BKN,208.28,108.86208
Ben Uzoh,TOR,190.5,92.98636
Ben Wallace,DET,205.74,108.86208
Bennedict Mathurin,IND,195.58,95.25432
Beno Udrih,DET,190.5,92.98636
Benoit Benjamin,CLE,213.36,113.398
Bernard James,DAL,208.28,106.59412
Bernard Robinson,NJN,198.12,95.25432
Bill Curley,GSW,205.74,99.79024
Bill Wennington,SAC,213.36,111.13004
Billy Garrett,NYK,198.12,97.52228
Billy Owens,DET,203.2,99.79024
Billy Thomas,CLE,195.58,99.79024
Bimbo Coles,MIA,187.96,82.553744
Bismack Biyombo,PHX,203.2,115.66596
Bison Dele,DET,210.82,117.93392
Blake Ahearn,UTA,187.96,86.18248
Blake Griffin,BOS,205.74,113.398
Blake Wesley,SAS,193.04,83.91452
Blue Edwards,MIA,193.04,90.7184
Bo Outlaw,ORL,203.2,99.79024
Bob McCann,TOR,198.12,110.676448
Bob Sura,HOU,195.58,90.7184
Boban Marjanovic,HOU,223.52,131.54168
Bobby Brown,HOU,187.96,79.3786
Bobby Hurley,VAN,182.88,74.84268
Bobby Jackson,SAC,185.42,83.91452
Bobby Jones,DEN,200.66,97.52228
Bobby Phills,CHH,195.58,95.25432
Bobby Portis,MIL,210.82,113.398
Bobby Simmons,LAC,198.12,106.59412
Bogdan Bogdanovic,ATL,195.58,102.0582
Bojan Bogdanovic,DET,200.66,102.511792
Bol Bol,ORL,218.44,99.79024
Bones Hyland,LAC,187.96,76.657048
Boniface Ndong,LAC,213.36,92.98636
Bonzi Wells,NOH,195.58,95.25432
Bonzie Colson,MIL,198.12,102.0582
Boris Diaw,UTA,203.2,113.398
Bostjan Nachbar,NJN,205.74,100.243832
Bracey Wright,MIN,190.5,91.171992
Brad Lohaus,SAS,210.82,104.32616
Brad Miller,MIN,213.36,118.38751200000002
Brad Wanamaker,WAS,190.5,95.25432
Bradley Beal,WAS,193.04,93.893544
Brandan Wright,MEM,208.28,106.59412
Branden Dawson,LAC,198.12,102.0582
Brandin Knight,HOU,182.88,81.64656
Brandon Armstrong,NJN,195.58,83.91452
Brandon Bass,LAC,203.2,113.398
Brandon Boston,LAC,198.12,85.275296
Brandon Boston Jr.,LAC,198.12,85.275296
Brandon Clarke,MEM,203.2,97.52228
Brandon Davies,PHI,208.28,108.86208
Brandon Goodwin,CLE,182.88,81.64656
Brandon Hunter,ORL,200.66,120.655472
Brandon Ingram,NOP,203.2,86.18248
Brandon Jennings,MIL,185.42,77.11064
Brandon Knight,DAL,187.96,82.553744
Brandon Paul,SAS,193.04,90.7184
Brandon Roy,MIN,198.12,95.707912
Brandon Rush,MIN,198.12,102.0582
Brandon Sampson,CHI,195.58,83.46092800000001
Brandon Williams,POR,187.96,86.18248
Braxton Key,DET,203.2,102.0582
Brendan Haywood,CLE,213.36,119.294696
Brent Barry,HOU,200.66,95.25432
Brent Price,SAC,185.42,83.91452
Brent Scott,IND,208.28,113.398
Brett Szabo,BOS,210.82,104.32616
Brevin Knight,UTA,177.8,75.296272
Brian Bowen II,IND,198.12,86.18248
Brian Cardinal,DAL,203.2,108.86208
Brian Cook,WAS,205.74,113.398
Brian Evans,MIN,203.2,99.79024
Brian Grant,PHX,205.74,115.212368
Brian Oliver,ATL,193.04,95.25432
Brian Roberts,CHA,185.42,78.471416
Brian Scalabrine,CHI,205.74,106.59412
Brian Shaw,LAL,198.12,90.7184
Brian Skinner,MEM,205.74,115.66596
Briante Weber,MEM,187.96,74.84268
Brice Johnson,LAC,208.28,104.32616
Britton Johnsen,IND,208.28,95.25432
Brodric Thomas,BOS,195.58,83.91452
Brook Lopez,MIL,215.9,127.912944
Brooks Thompson,NYK,193.04,87.543256
Bruce Bowen,SAS,200.66,90.7184
Bruce Brown,DEN,193.04,91.625584
Bruno Caboclo,HOU,205.74,98.883056
Bruno Fernando,ATL,208.28,108.86208
Bruno Sundov,NYK,218.44,117.93392
Bryant Reeves,VAN,213.36,131.54168
Bryant Stith,CLE,195.58,95.25432
Bryce Cotton,MEM,185.42,74.84268
Bryce Dejean-Jones,NOP,198.12,92.079176
Bryce Drew,NOH,190.5,83.46092800000001
Bryce McGowens,CHA,198.12,79.3786
Bryn Forbes,MIN,187.96,92.98636
Bryon Russell,DEN,200.66,102.0582
Bubba Wells,DAL,195.58,104.32616
Buck Williams,NYK,203.2,102.0582
Buddy Boeheim,DET,198.12,92.98636
Buddy Hield,IND,193.04,99.79024
Byron Mullens,PHI,213.36,124.7378
Byron Scott,LAL,193.04,92.98636
C.J. Watson,ORL,187.96,79.3786
C.J. Williams,MIN,195.58,102.511792
CJ Elleby,POR,198.12,90.7184
CJ McCollum,NOP,190.5,86.18248
CJ Miles,BOS,198.12,99.79024
CJ Wilcox,ORL,195.58,88.45044
Cade Cunningham,DET,200.66,99.79024
Cal Bowdler,ATL,208.28,114.758776
Calbert Cheaney,GSW,200.66,95.25432
Caleb Houstan,ORL,203.2,92.98636
Caleb Martin,MIA,195.58,92.98636
Caleb Swanigan,POR,205.74,117.93392
Calvin Booth,SAC,210.82,104.32616
Cam Reddish,POR,200.66,98.429464
Cam Thomas,BKN,190.5,95.25432
Cameron Bairstow,DET,205.74,113.398
Cameron Johnson,BKN,203.2,95.25432
Cameron McGriff,POR,200.66,99.79024
Cameron Oliver,ATL,203.2,108.408488
Cameron Payne,PHX,185.42,83.007336
Cameron Reynolds,HOU,200.66,102.0582
Caris LeVert,CLE,198.12,92.98636
Carl Herrera,DEN,205.74,102.0582
Carl Landry,PHI,205.74,112.490816
Carl Thomas,CLE,193.04,88.45044
Carldell Johnson,NOH,177.8,81.64656
Carlik Jones,CHI,182.88,78.92500799999999
Carlos Arroyo,BOS,187.96,90.7184
Carlos Boozer,LAL,205.74,117.026736
Carlos Delfino,HOU,198.12,104.32616
Carlos Rogers,IND,210.82,105.233344
Carmelo Anthony,LAL,200.66,107.954896
Caron Butler,SAC,200.66,103.418976
Carrick Felix,CLE,198.12,91.171992
Carsen Edwards,DET,180.34,90.7184
Cartier Martin,DET,200.66,99.79024
Casey Jacobsen,MEM,198.12,97.52228
Casey Shaw,PHI,210.82,117.93392
Casper Ware,PHI,177.8,79.3786
Cassius Stanley,DET,195.58,86.18248
Cassius Winston,WAS,185.42,83.91452
Cat Barber,ATL,185.42,78.471416
Cedi Osman,CLE,200.66,104.32616
Cedric Bozeman,ATL,198.12,93.893544
Cedric Ceballos,MIA,200.66,99.79024
Cedric Henderson,GSW,200.66,102.0582
Cedric Jackson,WAS,190.5,86.18248
Cedric Simmons,SAC,205.74,106.59412
Cezary Trybanski,NYK,218.44,108.86208
Chance Comanche,POR,208.28,95.25432
Chandler Hutchison,PHX,198.12,95.25432
Chandler Parsons,ATL,205.74,104.32616
Channing Frye,CLE,213.36,115.66596
Charles Barkley,HOU,198.12,114.305184
Charles Bassey,SAS,205.74,104.32616
Charles Cooke,NOP,195.58,88.904032
Charles Jenkins,PHI,190.5,97.52228
Charles Jones,HOU,205.74,97.52228
Charles O'Bannon,DET,195.58,94.800728
Charles Oakley,HOU,205.74,111.13004
Charles R. Jones,LAC,190.5,81.64656
Charles Shackleford,CHH,210.82,111.13004
Charles Smith,DEN,193.04,90.7184
Charlie Bell,GSW,190.5,90.7184
Charlie Brown Jr.,PHI,198.12,90.264808
Charlie Villanueva,DAL,210.82,105.233344
Charlie Ward,HOU,187.96,83.91452
Chase Budinger,PHX,200.66,94.800728
Chasson Randle,ORL,187.96,83.91452
Chauncey Billups,DET,190.5,95.25432
Chaundee Brown Jr.,ATL,195.58,97.52228
Cheick Diallo,DET,203.2,99.336648
Cheikh Samb,NYK,215.9,111.13004
Cherokee Parks,GSW,210.82,108.86208
Chima Moneke,SAC,195.58,101.151016
Chimezie Metu,SAC,205.74,102.0582
Chinanu Onuaku,HOU,208.28,111.13004
Chris Andersen,CLE,208.28,111.13004
Chris Anstey,CHI,213.36,112.944408
Chris Babb,BOS,195.58,102.0582
Chris Bosh,MIA,210.82,106.59412
Chris Boucher,TOR,205.74,90.7184
Chris Carr,BOS,198.12,99.79024
Chris Childs,NJN,190.5,88.45044
Chris Chiozza,GSW,180.34,79.3786
Chris Clemons,HOU,175.26,81.64656
Chris Copeland,MIL,205.74,108.408488
Chris Crawford,ATL,205.74,106.59412
Chris Douglas-Roberts,LAC,200.66,95.25432
Chris Duarte,IND,195.58,86.18248
Chris Dudley,POR,210.82,117.93392
Chris Duhon,LAL,185.42,86.18248
Chris Garner,GSW,177.8,70.760352
Chris Gatling,MIA,208.28,99.79024
Chris Herren,BOS,187.96,86.18248
Chris Hunter,GSW,210.82,108.86208
Chris Jefferies,CHI,203.2,104.32616
Chris Jent,NYK,200.66,99.79024
Chris Johnson,UTA,198.12,93.439952
Chris Kaman,POR,213.36,120.20188
Chris King,UTA,203.2,97.52228
Chris McCray,MIL,195.58,87.089664
Chris McCullough,WAS,205.74,97.52228
Chris Mihm,LAL,213.36,120.20188
Chris Mills,GSW,200.66,99.79024
Chris Morris,PHX,203.2,103.418976
Chris Mullin,GSW,198.12,90.7184
Chris Owens,MEM,200.66,111.13004
Chris Paul,PHX,182.88,79.3786
Chris Porter,GSW,200.66,98.883056
Chris Quinn,CLE,187.96,79.3786
Chris Richard,CHI,205.74,116.119552
Chris Robinson,SAC,195.58,90.7184
Chris Silva,DAL,203.2,106.140528
Chris Singleton,WAS,205.74,103.418976
Chris Smith,NYK,187.96,90.7184
Chris Taft,GSW,208.28,118.38751200000002
Chris Webber,GSW,208.28,111.13004
Chris Whitney,WAS,182.88,79.3786
Chris Wilcox,BOS,208.28,106.59412
Chris Wright,MIL,205.74,102.511792
Christian Braun,DEN,198.12,99.79024
Christian Eyenga,LAL,200.66,95.25432
Christian Koloko,TOR,213.36,104.32616
Christian Laettner,MIA,210.82,111.13004
Christian Wood,DAL,205.74,97.068688
Chuck Hayes,LAC,198.12,108.86208
Chuck Person,SEA,203.2,109.315672
Chucky Atkins,DET,180.34,83.91452
Chucky Brown,SAC,203.2,99.79024
Chuma Okeke,ORL,203.2,103.872568
Clar. Weatherspoon,HOU,200.66,122.46984
Cleanthony Early,NYK,203.2,95.25432
Cliff Alexander,POR,203.2,108.86208
Clifford Robinson,NJN,208.28,111.13004
Clifford Rozier,MIN,210.82,111.13004
Clint Capela,ATL,208.28,116.119552
Clyde Drexler,HOU,200.66,100.697424
Coby Karl,GSW,195.58,97.52228
Coby White,CHI,195.58,88.45044
Cody Martin,CHA,198.12,92.98636
Cody Zeller,MIA,210.82,108.86208
Cole Aldrich,MIN,210.82,114.758776
Cole Anthony,ORL,190.5,83.91452
Cole Swider,LAL,205.74,99.79024
Collin Sexton,UTA,187.96,86.18248
Corey Beck,CHH,190.5,90.7184
Corey Benjamin,ATL,198.12,90.7184
Corey Brewer,SAC,205.74,85.275296
Corey Kispert,WAS,198.12,101.604608
Corey Maggette,DET,198.12,102.0582
Corie Blount,TOR,208.28,109.769264
Corliss Williamson,SAC,200.66,111.13004
Corsley Edwards,NOH,205.74,124.7378
Cory Alexander,CHA,185.42,86.18248
Cory Carr,CHI,193.04,95.25432
Cory Higgins,CHA,195.58,81.64656
Cory Jefferson,PHX,205.74,98.883056
Cory Joseph,DET,190.5,90.7184
Coty Clarke,BOS,200.66,102.0582
Courtney Alexander,NOH,195.58,92.98636
Courtney Fortson,HOU,180.34,83.91452
Courtney Lee,DAL,195.58,97.52228
Courtney Sims,NYK,210.82,111.13004
Craig Brackins,PHI,208.28,104.32616
Craig Ehlo,SEA,198.12,81.64656
Craig Smith,POR,200.66,120.20188
Craig Sword,WAS,190.5,88.904032
Cristiano Felicio,CHI,210.82,122.46984
Cuonzo Martin,MIL,195.58,96.615096
Curtis Borchardt,UTA,213.36,109.769264
Cuttino Mobley,LAC,193.04,97.52228
D'Angelo Russell,LAL,193.04,87.543256
D.J. Augustin,LAL,180.34,83.007336
D.J. Kennedy,CLE,195.58,97.068688
D.J. Wilson,TOR,208.28,104.779752
DJ Mbenga,NOH,213.36,115.66596
DJ Stephens,MEM,195.58,85.275296
DJ Strawberry,PHX,195.58,91.171992
DJ White,CHA,205.74,113.398
DaJuan Summers,LAC,203.2,108.86208
DaQuan Jeffries,MEM,195.58,100.697424
Daequan Cook,CHI,195.58,95.25432
Dahntay Jones,CLE,198.12,102.0582
Dairis Bertans,NOP,193.04,90.7184
Daishen Nix,HOU,193.04,102.511792
Dajuan Wagner,GSW,190.5,90.7184
Dakari Johnson,OKC,213.36,115.66596
Dakota Mathias,MEM,193.04,90.7184
Dalano Banton,TOR,200.66,92.532768
Dale Davis,DET,210.82,114.305184
Dale Ellis,CHH,200.66,92.98636
Dalen Terry,CHI,200.66,88.45044
Dalibor Bagaric,CHI,215.9,131.54168
Damian Jones,UTA,210.82,111.13004
Damian Lillard,POR,187.96,88.45044
Damien Inglis,MIL,203.2,111.583632
Damien Wilkins,IND,198.12,98.429464
Damion James,SAS,200.66,102.0582
Damion Lee,PHX,195.58,95.25432
Damir Markota,MIL,208.28,102.0582
Damjan Rudez,ORL,208.28,103.418976
Damon Jones,MIL,190.5,88.45044
Damon Stoudamire,SAS,177.8,77.56423199999999
Damone Brown,WAS,203.2,91.625584
Damyean Dotson,NYK,195.58,95.25432
Dan Dickau,LAC,182.88,81.64656
Dan Gadzuric,NYK,210.82,108.86208
Dan Langhi,MIL,210.82,99.79024
Dan Majerle,PHX,198.12,100.697424
Dan McClintock,DEN,213.36,122.46984
Dan Schayes,ORL,210.82,117.93392
Dana Barros,BOS,180.34,74.84268
Daniel Ewing,LAC,190.5,83.91452
Daniel Gafford,WAS,208.28,106.140528
Daniel Gibson,CLE,187.96,90.7184
Daniel Hamilton,ATL,200.66,88.45044
Daniel Ochefu,WAS,210.82,111.13004
Daniel Orton,PHI,208.28,124.7378
Daniel Oturu,TOR,203.2,108.86208
Daniel Santiago,MIL,215.9,116.119552
Daniel Theis,IND,203.2,111.13004
Danilo Gallinari,ATL,208.28,107.047712
Danny Ferry,SAS,208.28,106.59412
Danny Fortson,SEA,203.2,117.93392
Danny Granger,PHX,205.74,100.697424
Danny Green,CLE,198.12,97.52228
Danny Manning,DET,208.28,106.140528
Dante Cunningham,SAS,203.2,104.32616
Dante Exum,HOU,195.58,97.068688
Danuel House,WAS,200.66,97.52228
Danuel House Jr.,PHI,198.12,99.79024
Darington Hobson,MIL,200.66,95.25432
Dario Saric,OKC,208.28,102.0582
Darius Bazley,PHX,205.74,97.975872
Darius Days,HOU,200.66,111.13004
Darius Garland,CLE,185.42,87.089664
Darius Johnson-Odom,PHI,187.96,97.52228
Darius Miles,MEM,205.74,106.59412
Darius Miller,OKC,198.12,102.0582
Darius Morris,BKN,193.04,88.45044
Darius Songaila,PHI,205.74,112.490816
Darius Washington,SAS,187.96,88.45044
Darko Milicic,BOS,213.36,124.7378
Darnell Jackson,SAC,205.74,114.758776
Darrell Armstrong,NJN,185.42,81.64656
Darrell Arthur,DEN,205.74,106.59412
Darren Collison,LAL,182.88,72.57472
Darrick Martin,TOR,180.34,77.11064
Darrin Hancock,ATL,200.66,92.98636
Darrun Hilliard,SAS,198.12,99.79024
Darryl Watkins,NOH,210.82,117.026736
Darvin Ham,DET,200.66,108.86208
Daryl Macon,MIA,187.96,83.91452
David Andersen,NOH,210.82,112.037224
David Benoit,UTA,203.2,99.79024
David Duke Jr.,BKN,193.04,92.532768
David Harrison,IND,213.36,127.00576
David Johnson,TOR,193.04,92.079176
David Lee,SAS,205.74,111.13004
David Noel,MIL,198.12,104.32616
David Nwaba,HOU,195.58,99.336648
David Robinson,SAS,215.9,113.398
David Roddy,MEM,193.04,115.66596
David Stockton,UTA,180.34,74.84268
David Vanterpool,WAS,195.58,90.7184
David Vaughn,NJN,205.74,108.86208
David Wear,SAC,208.28,104.32616
David Wesley,CLE,185.42,92.079176
David West,GSW,205.74,113.398
David Wingate,SEA,195.58,84.821704
David Wood,MIL,205.74,104.32616
Davion Mitchell,SAC,182.88,91.625584
Davis Bertans,DAL,208.28,102.0582
Davon Reed,LAL,195.58,93.439952
Day'Ron Sharpe,BKN,205.74,120.20188
De'Aaron Fox,SAC,190.5,83.91452
De'Andre Hunter,ATL,203.2,100.243832
De'Anthony Melton,PHI,187.96,90.7184
DeAndre Jordan,DEN,210.82,120.20188
DeAndre Liggins,NOP,198.12,94.800728
DeAndre' Bembry,MIL,195.58,95.25432
DeJon Jarreau,IND,195.58,83.91452
DeJuan Blair,WAS,200.66,122.46984
DeJuan Wheat,VAN,182.88,74.84268
DeMar DeRozan,CHI,198.12,99.79024
DeMarco Johnson,NYK,205.74,111.13004
DeMarcus Cousins,DEN,208.28,122.46984
DeMarcus Nelson,GSW,193.04,90.7184
DeMarre Carroll,HOU,198.12,97.52228
DeQuan Jones,ORL,203.2,100.243832
DeSagana Diop,CHA,213.36,127.00576
DeShawn Stevenson,ATL,195.58,98.883056
DeVaughn Akoon-Purcell,DEN,198.12,90.7184
Dean Garrett,GSW,210.82,113.398
Dean Oliver,GSW,180.34,79.3786
Dean Wade,CLE,205.74,103.418976
Deandre Ayton,PHX,213.36,113.398
Dedric Willoughby,CHI,190.5,81.64656
Dee Brown,PHX,182.88,83.91452
Deividas Sirvydis,DET,203.2,86.18248
Dejounte Murray,ATL,195.58,81.64656
Dell Curry,TOR,195.58,92.98636
Dell Demps,ORL,190.5,92.98636
Delon Wright,WAS,195.58,83.91452
Delonte West,DAL,190.5,81.64656
Demetris Nichols,NYK,203.2,97.975872
Demetrius Jackson,PHI,185.42,91.171992
Deng Adel,CLE,200.66,90.7184
Deng Gai,PHI,205.74,113.398
Deni Avdija,WAS,205.74,95.25432
Dennis Horner,NJN,205.74,104.32616
Dennis Rodman,DAL,200.66,95.25432
Dennis Schroder,LAL,185.42,78.017824
Dennis Scott,VAN,203.2,103.872568
Dennis Smith Jr.,CHA,187.96,92.98636
Denzel Valentine,UTA,193.04,99.79024
Deonte Burton,SAC,193.04,108.86208
DerMarr Johnson,SAS,205.74,95.25432
Derek Anderson,CHA,195.58,88.45044
Derek Fisher,OKC,185.42,95.25432
Derek Grimm,SAC,205.74,104.32616
Derek Harper,LAL,193.04,93.439952
Derek Hood,CHH,203.2,104.32616
Derek Strong,LAC,205.74,108.86208
Dereon Seabron,NOP,195.58,81.64656
Deron Williams,CLE,190.5,90.7184
Derrick Alston,ATL,210.82,102.0582
Derrick Brown,CHA,203.2,105.68693600000002
Derrick Byars,SAS,200.66,99.79024
Derrick Caracter,LAL,205.74,124.7378
Derrick Coleman,DET,208.28,122.46984
Derrick Dial,ORL,193.04,83.46092800000001
Derrick Favors,OKC,205.74,120.20188
Derrick Jones Jr.,CHI,198.12,95.25432
Derrick McKey,PHI,208.28,109.315672
Derrick Rose,NYK,190.5,90.7184
Derrick Walton Jr.,DET,182.88,83.91452
Derrick White,BOS,193.04,86.18248
Derrick Williams,LAL,203.2,108.86208
Derrick Zimmerman,NJN,190.5,88.45044
Desmon Farmer,SAS,195.58,99.79024
Desmond Bane,MEM,195.58,97.52228
Desmond Ferguson,POR,200.66,95.25432
Desmond Mason,SAC,195.58,100.697424
Desmond Penigar,ORL,200.66,111.13004
Detlef Schrempf,POR,208.28,106.59412
Devean George,GSW,203.2,106.59412
Devin Booker,PHX,195.58,93.439952
Devin Brown,CHI,195.58,95.25432
Devin Cannady,ORL,187.96,83.007336
Devin Ebanks,LAL,205.74,97.52228
Devin Gray,HOU,200.66,108.86208
Devin Green,LAL,200.66,96.161504
Devin Harris,DAL,190.5,83.91452
Devin Robinson,WAS,203.2,90.7184
Devin Vassell,SAS,195.58,90.7184
Devon Dotson,WAS,185.42,83.91452
Devon Hall,OKC,195.58,97.52228
Devontae Cacok,SAS,200.66,108.86208
Devonte' Graham,SAS,185.42,88.45044
Devyn Marble,ORL,198.12,90.7184
Dewan Hernandez,TOR,208.28,106.59412
Dewayne Dedmon,PHI,208.28,111.13004
Dexter Boney,PHX,193.04,83.91452
Dexter Pittman,ATL,210.82,129.27372
Deyonta Davis,ATL,210.82,107.501304
Diamond Stone,LAC,210.82,115.66596
Diante Garrett,UTA,193.04,86.18248
Dickey Simpkins,ATL,205.74,112.490816
Didi Louzada,POR,195.58,85.275296
Dijon Thompson,ATL,203.2,90.7184
Dikembe Mutombo,HOU,218.44,117.93392
Dillon Brooks,MEM,198.12,102.0582
Dino Radja,BOS,210.82,102.0582
Dion Glover,SAS,195.58,102.0582
Dion Waiters,LAL,190.5,95.25432
Dionte Christmas,PHX,195.58,92.98636
Dirk Nowitzki,DAL,213.36,111.13004
Domantas Sabonis,SAC,215.9,108.86208
Dominic McGuire,IND,205.74,106.59412
Dominick Barlow,SAS,205.74,97.52228
Dominique Jones,DAL,195.58,97.52228
Dominique Wilkins,ORL,203.2,104.32616
Don MacLean,MIA,208.28,106.59412
Don Reid,DET,203.2,113.398
Donald Royal,CHH,203.2,98.883056
Donald Sloan,BKN,190.5,92.98636
Donald Whiteside,ATL,177.8,72.57472
Donatas Motiejunas,SAS,213.36,99.79024
Donell Taylor,WAS,195.58,87.543256
Donnell Harvey,NJN,203.2,99.79024
Donnie Boyce,ATL,195.58,88.904032
Donny Marshall,NJN,200.66,104.32616
Donovan Mitchell,CLE,185.42,97.52228
Donovan Williams,ATL,198.12,86.18248
Donta Hall,ORL,208.28,104.32616
Donta Smith,ATL,200.66,97.52228
Dontae' Jones,BOS,203.2,99.79024
Donte DiVincenzo,GSW,193.04,92.079176
Donte Grantham,OKC,203.2,97.52228
Donte Greene,SAC,210.82,102.511792
Dontell Jefferson,CHA,195.58,88.45044
Dontonio Wingfield,POR,203.2,116.119552
Donyell Marshall,PHI,205.74,111.13004
Dorell Wright,POR,205.74,92.98636
Dorian Finney-Smith,BKN,200.66,99.79024
Doron Lamb,ORL,193.04,90.7184
Doug Christie,LAC,198.12,92.98636
Doug McDermott,SAS,198.12,102.0582
Doug Overton,LAC,190.5,86.18248
Doug West,VAN,198.12,90.7184
Dragan Bender,GSW,213.36,112.944408
Dragan Tarlac,CHI,210.82,122.46984
Draymond Green,GSW,198.12,104.32616
Drew Barry,ATL,195.58,86.636072
Drew Eubanks,POR,208.28,111.13004
Drew Gooden,WAS,208.28,113.398
Drew Gordon,PHI,205.74,111.13004
Dru Smith,BKN,190.5,92.079176
Duane Causwell,MIA,213.36,115.66596
Duane Ferrell,GSW,200.66,97.52228
Duane Washington Jr.,NYK,187.96,89.357624
Duje Dukan,SAC,205.74,99.79024
Duncan Robinson,MIA,200.66,97.52228
Dusty Hannahs,MEM,190.5,95.25432
Dwayne Bacon,ORL,198.12,100.243832
Dwayne Jones,PHX,208.28,113.851592
Dwayne Schintzius,BOS,218.44,129.27372
Dwight Buycks,DET,190.5,86.18248
Dwight Howard,LAL,208.28,120.20188
Dwight Powell,DAL,208.28,108.86208
Dwyane Wade,MIA,193.04,99.79024
Dylan Windler,CLE,200.66,88.904032
Dyson Daniels,NOP,200.66,90.264808
Dzanan Musa,BKN,205.74,98.429464
E'Twaun Moore,PHX,190.5,86.636072
Earl Barron,PHX,213.36,113.398
Earl Boykins,HOU,165.1,60.327736
Earl Clark,BKN,208.28,106.140528
Earl Cureton,TOR,205.74,95.25432
Earl Watson,POR,185.42,90.264808
Ed Davis,CLE,205.74,98.883056
Ed Gray,ATL,190.5,95.25432
Ed O'Bannon,DAL,203.2,100.697424
Ed Pinckney,MIA,205.74,108.86208
Ed Stokes,TOR,213.36,119.748288
Eddie Basden,CHI,195.58,97.52228
Eddie Gill,MIL,182.88,86.18248
Eddie Griffin,MIN,205.74,100.697424
Eddie House,MIA,185.42,86.18248
Eddie Johnson,HOU,200.66,97.52228
Eddie Jones,DAL,198.12,90.7184
Eddie Robinson,CHI,205.74,95.25432
Eddy Curry,DAL,213.36,133.80964
Edmond Sumner,BKN,193.04,88.904032
Eduardo Najera,CHA,203.2,106.59412
Edwin Ubiles,WAS,198.12,92.532768
Edy Tavares,CLE,220.98,120.20188
Efthimios Rentzias,PHI,210.82,113.398
Ekpe Udoh,UTA,208.28,111.13004
Elden Campbell,DET,213.36,126.552168
Eldridge Recasner,LAC,190.5,86.18248
Elfrid Payton,PHX,190.5,88.45044
Elias Harris,LAL,203.2,108.408488
Elie Okobo,PHX,190.5,86.18248
Elijah Bryant,MIL,195.58,95.25432
Elijah Hughes,POR,195.58,97.52228
Elijah Millsap,PHX,200.66,97.52228
Elliot Perry,MEM,182.88,68.0388
Elliot Williams,CHA,196.0,86.0
Elmer Bennett,DEN,182.88,77.11064
Elmore Spencer,SEA,213.36,122.46984
Elton Brand,PHI,205.74,115.212368
Emanual Davis,ATL,195.58,88.45044
Emanuel Terry,PHX,205.74,99.79024
Emeka Okafor,NOP,208.28,115.66596
Emmanuel Mudiay,SAC,190.5,90.7184
Enes Freedom,BOS,208.28,113.398
Enes Kanter,POR,208.28,113.398
Ennis Whatley,POR,190.5,80.28578399999998
Eric Bledsoe,POR,185.42,97.068688
Eric Dawson,SAS,205.74,113.398
Eric Gordon,LAC,190.5,97.52228
Eric Leckner,VAN,210.82,120.20188
Eric Maynor,PHI,190.5,79.3786
Eric Mika,SAC,208.28,105.68693600000002
Eric Mobley,VAN,210.82,106.59412
Eric Montross,TOR,213.36,122.46984
Eric Moreland,TOR,208.28,107.954896
Eric Murdock,LAC,185.42,86.18248
Eric Paschall,UTA,198.12,115.66596
Eric Piatkowski,PHX,200.66,97.52228
Eric Riley,BOS,213.36,111.13004
Eric Snow,CLE,190.5,92.98636
Eric Washington,DEN,193.04,86.18248
Eric Williams,CHA,203.2,99.79024
Erick Barkley,POR,185.42,80.28578399999998
Erick Dampier,ATL,210.82,120.20188
Erick Green,DEN,193.04,83.91452
Erick Strickland,MIL,190.5,98.883056
Erik Daniels,SAC,203.2,97.068688
Erik McCree,UTA,203.2,102.0582
Erik Murphy,CHI,208.28,104.32616
Ernest Brown,MIA,213.36,110.676448
Ersan Ilyasova,UTA,205.74,106.59412
Ervin Johnson,MIL,210.82,111.13004
Esteban Batista,ATL,208.28,121.562656
Etan Thomas,ATL,208.28,117.93392
Etdrick Bohannon,CLE,205.74,99.79024
Eugene Omoruyi,DET,198.12,106.59412
Evan Eschmeyer,DAL,210.82,115.66596
Evan Fournier,NYK,198.12,92.98636
Evan Mobley,CLE,210.82,97.52228
Evan Turner,MIN,198.12,99.79024
Evric Gray,NJN,200.66,106.59412
Fab Melo,BOS,213.36,115.66596
Fabricio Oberto,POR,208.28,111.13004
Facundo Campazzo,DAL,177.8,88.45044
Felipe Lopez,MIN,195.58,88.45044
Felton Spencer,NYK,213.36,131.54168
Feron Hunt,NYK,203.2,88.45044
Festus Ezeli,GSW,210.82,120.20188
Flip Murray,CHI,190.5,90.7184
Francisco Elson,PHI,213.36,108.86208
Francisco Garcia,HOU,200.66,97.52228
Frank Brickowski,BOS,205.74,108.86208
Frank Jackson,UTA,190.5,92.98636
Frank Kaminsky,HOU,213.36,108.86208
Frank Mason,ORL,180.34,86.18248
Frank Ntilikina,DAL,193.04,90.7184
Frank Williams,CHI,190.5,96.161504
Frankie King,PHI,185.42,83.91452
Franz Wagner,ORL,208.28,99.79024
Fred Hoiberg,MIN,195.58,95.25432
Fred Jones,LAC,187.96,102.0582
Fred Roberts,DAL,208.28,98.883056
Fred VanVleet,TOR,182.88,89.357624
Fred Vinson,SEA,193.04,86.18248
Freddie Gillespie,ORL,205.74,111.13004
Furkan Aldemir,PHI,208.28,108.86208
Furkan Korkmaz,PHI,200.66,91.625584
Gabe Pruitt,BOS,193.04,77.11064
Gabe Vincent,MIA,187.96,90.7184
Gabe York,IND,190.5,86.18248
Gabriel Deck,OKC,198.12,104.779752
Gabriel Lundberg,PHX,193.04,92.079176
Gal Mekel,DAL,190.5,86.636072
Gani Lawal,PHX,205.74,106.140528
Garret Siler,PHX,210.82,138.34556
Garrett Temple,NOP,198.12,88.45044
Garrison Mathews,ATL,198.12,97.52228
Garth Joseph,DEN,218.44,138.799152
Gary Clark,NOP,198.12,102.0582
Gary Forbes,TOR,200.66,99.79024
Gary Grant,POR,190.5,83.91452
Gary Harris,ORL,193.04,95.25432
Gary Neal,ATL,193.04,95.25432
Gary Payton,MIA,193.04,86.18248
Gary Payton II,GSW,187.96,88.45044
Gary Trent,MIN,203.2,113.398
Gary Trent Jr.,TOR,195.58,94.800728
Gaylon Nickerson,WAS,190.5,86.18248
Geno Carlisle,POR,190.5,90.7184
George Hill,IND,193.04,85.275296
George King,DAL,198.12,99.79024
George Lynch,NOH,203.2,106.59412
George McCloud,DEN,203.2,102.0582
George Zidek,SEA,213.36,113.398
Georges Niang,PHI,200.66,104.32616
Georgios Kalaitzakis,OKC,200.66,87.089664
Georgios Papagiannis,POR,215.9,108.86208
Gerald Brown,PHX,193.04,95.25432
Gerald Fitch,MIA,190.5,85.275296
Gerald Green,HOU,200.66,92.98636
Gerald Henderson,PHI,195.58,97.52228
Gerald Madkins,GSW,193.04,90.7184
Gerald Wallace,BOS,200.66,99.79024
Gerald Wilkins,ORL,198.12,83.91452
Gerard King,WAS,205.74,104.32616
Gheorghe Muresan,NJN,231.14,137.438376
Gian Clavell,DAL,193.04,83.91452
Giannis Antetokounmpo,MIL,213.36,110.222856
Gigi Datome,BOS,203.2,97.52228
Gilbert Arenas,MEM,193.04,97.52228
Glen Davis,LAC,205.74,131.088088
Glen Rice,WAS,198.12,93.439952
Glenn Robinson,SAS,200.66,108.86208
Glenn Robinson III,SAC,198.12,100.697424
God Shammgod,WAS,182.88,76.657048
Goga Bitadze,ORL,210.82,113.398
Goran Dragic,MIL,193.04,86.18248
Gordan Giricek,PHX,198.12,99.79024
Gordon Hayward,CHA,200.66,102.0582
Gorgui Dieng,SAS,208.28,112.490816
Grant Hill,LAC,203.2,102.0582
Grant Jerrett,UTA,208.28,105.233344
Grant Long,BOS,205.74,108.86208
Grant Riller,CHA,187.96,86.18248
Grant Williams,BOS,198.12,107.047712
Grayson Allen,MIL,193.04,89.811216
Greg Anderson,ATL,208.28,113.398
Greg Anthony,MIL,185.42,81.64656
Greg Brown III,POR,200.66,93.439952
Greg Buckner,MEM,193.04,95.25432
Greg Dreiling,DAL,215.9,120.20188
Greg Foster,TOR,210.82,108.86208
Greg Graham,CLE,193.04,78.92500799999999
Greg Minor,BOS,198.12,95.25432
Greg Monroe,MIN,208.28,113.398
Greg Oden,MIA,213.36,123.830616
Greg Ostertag,UTA,218.44,127.00576
Greg Smith,MIN,208.28,113.398
Greg Stiemsma,TOR,210.82,117.93392
Greg Whittington,DEN,203.2,95.25432
Greivis Vasquez,BKN,198.12,98.429464
Guerschon Yabusele,BOS,203.2,117.93392
Guillermo Diaz,LAC,187.96,83.91452
Gustavo Ayon,ATL,208.28,113.398
Guy Rucker,GSW,205.74,122.46984
Ha Ha,POR,220.98,138.34556
Hakeem Olajuwon,TOR,213.36,115.66596
Hakim Warrick,CHA,205.74,99.336648
Hamady Ndiaye,SAC,213.36,106.59412
Hamed Haddadi,PHX,218.44,120.20188
Hamidou Diallo,DET,195.58,91.625584
Hanno Mottola,ATL,210.82,112.037224
Harold Ellis,DEN,195.58,99.79024
Harold Jamison,LAC,205.74,122.016248
Harrison Barnes,SAC,203.2,102.0582
Harry Giles III,POR,210.82,108.86208
Harvey Grant,PHI,205.74,102.0582
Hasheem Thabeet,OKC,220.98,119.294696
Hassan Adams,TOR,193.04,99.79024
Hassan Whiteside,UTA,213.36,120.20188
Hassani Gravett,ORL,187.96,84.821704
Haywood Highsmith,MIA,195.58,99.79024
Haywoode Workman,TOR,187.96,81.64656
Hedo Turkoglu,LAC,208.28,99.79024
Henry Ellenson,TOR,208.28,108.86208
Henry James,CLE,203.2,99.79024
Henry Sims,BKN,208.28,112.490816
Henry Walker,MIA,198.12,106.59412
Herb Williams,NYK,210.82,117.93392
Herbert Jones,NOP,200.66,93.439952
Hersey Hawkins,CHH,190.5,90.7184
Hilton Armstrong,GSW,210.82,106.59412
Hiram Fuller,ATL,205.74,108.86208
Hollis Thompson,NOP,203.2,93.439952
Horace Grant,LAL,208.28,111.13004
Horace Jenkins,DET,185.42,81.64656
Horacio Llamas,PHX,210.82,129.27372
Hot Rod Williams,DAL,210.82,111.13004
Howard Eisley,DEN,187.96,83.91452
Hubert Davis,NJN,195.58,83.007336
Ian Clark,NOP,190.5,79.3786
Ian Mahinmi,WAS,210.82,118.841104
Ibrahim Kutluay,SEA,198.12,90.7184
Ignas Brazdeikis,ORL,198.12,100.243832
Igor Rakocevic,MIN,187.96,83.46092800000001
Ike Anigbogu,IND,208.28,113.398
Ike Austin,MEM,208.28,130.63449599999998
Ike Diogu,SAS,205.74,113.398
Ike Fontaine,MEM,193.04,95.25432
Iman Shumpert,BKN,195.58,96.161504
Ime Udoka,SAS,195.58,99.79024
Immanuel Quickley,NYK,187.96,86.18248
Ira Bowman,PHI,195.58,88.45044
Ira Newble,LAL,200.66,99.79024
Isaac Bonga,TOR,203.2,81.64656
Isaac Humphries,ATL,213.36,117.93392
Isaac Okoro,CLE,195.58,102.0582
Isaiah Briscoe,ORL,190.5,97.52228
Isaiah Canaan,MIL,182.88,90.7184
Isaiah Hartenstein,NYK,213.36,113.398
Isaiah Hicks,NYK,205.74,104.32616
Isaiah Jackson,IND,205.74,92.98636
Isaiah Joe,OKC,190.5,74.84268
Isaiah Livers,DET,198.12,105.233344
Isaiah Mobley,CLE,203.2,107.954896
Isaiah Rider,DEN,195.58,97.52228
Isaiah Roby,NYK,203.2,104.32616
Isaiah Stewart,DET,203.2,113.398
Isaiah Taylor,ATL,190.5,77.11064
Isaiah Thomas,CHA,175.26,83.91452
Isaiah Todd,WAS,205.74,99.336648
Isaiah Whitehead,BKN,193.04,96.615096
Ish Smith,DEN,182.88,79.3786
Ish Wainright,PHX,195.58,113.398
Ivan Johnson,ATL,203.2,115.66596
Ivan McFarlin,PHI,200.66,103.872568
Ivan Rabb,MEM,208.28,99.79024
Ivano Newbill,VAN,208.28,111.13004
Ivica Zubac,LAC,213.36,108.86208
J.J. Barea,DAL,177.8,81.64656
J.P. Macura,CLE,193.04,92.079176
J.R. Bremer,GSW,187.96,83.91452
J.R. Giddens,NYK,195.58,97.52228
J.R. Henderson,VAN,203.2,105.68693600000002
J.R. Reid,CLE,205.74,112.037224
JD Davison,BOS,185.42,88.45044
JJ Hickson,WAS,205.74,109.769264
JJ O'Brien,UTA,200.66,99.79024
JJ Redick,DAL,190.5,90.7184
JR Smith,LAL,198.12,99.79024
JT Thor,CHA,205.74,92.079176
Ja Morant,MEM,187.96,78.92500799999999
JaJuan Johnson,BOS,208.28,100.243832
JaKarr Sampson,IND,200.66,97.068688
JaMychal Green,GSW,205.74,102.965384
JaQuori McLaughlin,DAL,193.04,86.18248
JaVale McGee,DAL,213.36,122.46984
Jabari Bird,BOS,198.12,89.811216
Jabari Brown,LAL,195.58,97.068688
Jabari Parker,BOS,200.66,111.13004
Jabari Smith,NJN,210.82,113.398
Jabari Smith Jr.,HOU,210.82,99.79024
Jabari Walker,POR,200.66,90.7184
Jack Cooley,SAC,208.28,124.284208
Jack Haley,NJN,208.28,108.86208
Jack White,DEN,200.66,102.0582
Jackie Butler,SAS,208.28,117.93392
Jackson Vroman,NOK,208.28,99.79024
Jacob Evans,MIN,193.04,95.25432
Jacob Gilyard,MEM,175.26,72.57472
Jacob Pullen,PHI,185.42,90.7184
Jacob Wiley,BKN,203.2,101.151016
Jacque Vaughn,SAS,185.42,86.18248
Jaden Hardy,DAL,190.5,89.811216
Jaden Ivey,DET,193.04,88.45044
Jaden McDaniels,MIN,205.74,83.91452
Jaden Springer,PHI,193.04,91.625584
Jae Crowder,MIL,198.12,106.59412
Jae'Sean Tate,HOU,195.58,104.32616
Jahidi White,CHA,205.74,131.54168
Jahlil Okafor,DET,208.28,122.46984
Jahmi'us Ramsey,SAC,190.5,86.18248
Jaime Echenique,WAS,208.28,117.026736
Jake LaRavia,MEM,200.66,106.59412
Jake Layman,MIN,203.2,94.800728
Jake Tsakalidis,HOU,218.44,131.54168
Jake Voskuhl,TOR,210.82,115.66596
Jakob Poeltl,TOR,215.9,111.13004
Jalen Brunson,NYK,187.96,86.18248
Jalen Duren,DET,210.82,113.398
Jalen Green,HOU,193.04,84.368112
Jalen Harris,TOR,195.58,88.45044
Jalen Johnson,ATL,203.2,99.336648
Jalen Jones,CLE,200.66,99.79024
Jalen Lecque,IND,193.04,83.91452
Jalen McDaniels,PHI,205.74,92.98636
Jalen Rose,PHX,203.2,97.52228
Jalen Smith,IND,205.74,97.52228
Jalen Suggs,ORL,195.58,92.98636
Jalen Williams,OKC,195.58,95.707912
Jamaal Franklin,DEN,195.58,86.636072
Jamaal Magloire,TOR,210.82,120.20188
Jamaal Tinsley,UTA,190.5,85.275296
Jamal Cain,MIA,198.12,86.636072
Jamal Crawford,BKN,195.58,90.7184
Jamal Mashburn,NOH,203.2,112.037224
Jamal Murray,DEN,193.04,97.52228
Jamal Robinson,MIA,200.66,96.161504
Jamal Sampson,DEN,210.82,106.59412
Jamaree Bouyea,WAS,187.96,81.64656
Jamario Moon,CHA,203.2,92.98636
Jameel Warney,DAL,203.2,117.93392
Jameer Nelson,DET,182.88,86.18248
Jamel Artis,ORL,200.66,96.615096
Jamel Thomas,NJN,198.12,99.336648
James Anderson,SAC,198.12,96.615096
James Augustine,ORL,208.28,106.59412
James Bouknight,CHA,193.04,86.18248
James Collins,LAC,193.04,88.904032
James Cotton,SEA,195.58,99.79024
James Ennis III,DEN,198.12,97.52228
James Harden,PHI,195.58,99.79024
James Johnson,IND,200.66,108.86208
James Jones,CLE,203.2,98.883056
James Lang,WAS,208.28,138.34556
James Michael McAdoo,PHI,205.74,104.32616
James Nunnally,NOP,200.66,92.98636
James Posey,IND,203.2,98.429464
James Robinson,ORL,187.96,81.64656
James Scott,MIA,198.12,81.64656
James Singleton,WAS,203.2,104.32616
James Southerland,NOP,203.2,97.52228
James Thomas,CHI,205.74,111.13004
James Webb III,BKN,205.74,91.625584
James White,NYK,200.66,97.52228
James Wiseman,DET,213.36,108.86208
James Young,PHI,198.12,97.52228
JamesOn Curry,LAC,190.5,86.18248
Jamie Feick,NJN,205.74,115.66596
Jamie Watson,MIA,200.66,86.18248
Jamil Wilson,LAC,200.66,103.872568
Jamison Brewer,NYK,193.04,88.45044
Jamorko Pickett,DET,205.74,93.439952
Jan Vesely,DEN,213.36,109.769264
Jannero Pargo,CHA,185.42,83.91452
Jared Butler,OKC,190.5,87.543256
Jared Cunningham,CLE,193.04,88.45044
Jared Dudley,LAL,198.12,107.501304
Jared Harper,NOP,177.8,79.3786
Jared Jeffries,POR,210.82,108.86208
Jared Reiner,MIL,210.82,115.66596
Jared Rhoden,DET,198.12,95.25432
Jared Sullinger,TOR,205.74,117.93392
Jared Terrell,MIN,190.5,102.965384
Jarell Eddie,CHI,200.66,98.883056
Jarell Martin,ORL,208.28,108.408488
Jaren Jackson,ORL,198.12,102.0582
Jaren Jackson Jr.,MEM,208.28,109.769264
Jarnell Stokes,DEN,205.74,115.66596
Jaron Blossomgame,CLE,203.2,99.79024
Jarred Vanderbilt,LAL,203.2,97.068688
Jarrell Brantley,UTA,195.58,113.398
Jarrett Allen,CLE,205.74,110.222856
Jarrett Culver,ATL,198.12,88.45044
Jarrett Jack,NYK,190.5,90.7184
Jarrod Uthoff,WAS,205.74,99.79024
Jarron Collins,POR,210.82,112.944408
Jarron Cumberland,POR,195.58,92.98636
Jarvis Hayes,NJN,203.2,103.418976
Jarvis Varnado,PHI,205.74,104.32616
Jason Caffey,MIL,203.2,116.119552
Jason Collier,ATL,213.36,117.93392
Jason Collins,BKN,213.36,115.66596
Jason Hart,NOH,190.5,81.64656
Jason Kapono,LAL,203.2,97.52228
Jason Kidd,NYK,193.04,95.25432
Jason Lawson,ORL,210.82,108.86208
Jason Maxiell,CHA,200.66,117.93392
Jason Miskiri,CHH,187.96,83.91452
Jason Preston,LAC,190.5,82.10015200000001
Jason Richardson,PHI,198.12,102.0582
Jason Sasser,VAN,200.66,102.0582
Jason Smith,NOP,213.36,108.86208
Jason Terry,MIL,187.96,83.91452
Jason Thompson,TOR,210.82,113.398
Jason Williams,MEM,185.42,81.64656
Javaris Crittenton,WAS,195.58,90.7184
Javin DeLaurier,MIL,208.28,106.140528
Javonte Green,CHI,195.58,92.98636
Javonte Smart,MIA,193.04,92.98636
Jawad Williams,CLE,205.74,102.0582
Jawun Evans,OKC,182.88,86.18248
Jaxson Hayes,NOP,213.36,99.79024
Jay Huff,WAS,215.9,108.86208
Jay Scrubb,ORL,195.58,99.79024
Jay Williams,CHI,187.96,88.45044
Jaylen Adams,MIL,182.88,102.0582
Jaylen Brown,BOS,198.12,101.151016
Jaylen Hoard,OKC,203.2,97.975872
Jaylen Morris,SAS,195.58,83.91452
Jaylen Nowell,MIN,193.04,91.171992
Jaylin Williams,OKC,205.74,108.86208
Jaysean Paige,DET,187.96,90.7184
Jayson Tatum,BOS,203.2,95.25432
Jayson Williams,NJN,205.74,108.86208
Jeenathan Williams,POR,195.58,92.98636
Jeff Adrien,HOU,201.0,111.0
Jeff Ayres,LAC,205.74,113.398
Jeff Dowtin,ORL,190.5,80.28578399999998
Jeff Dowtin Jr.,TOR,190.5,80.28578399999998
Jeff Foote,NOH,213.36,120.20188
Jeff Foster,IND,210.82,113.398
Jeff Grayer,GSW,195.58,95.25432
Jeff Green,DEN,203.2,106.59412
Jeff Hornacek,UTA,193.04,86.18248
Jeff McInnis,CHA,193.04,86.18248
Jeff Nordgaard,MIL,200.66,102.0582
Jeff Sheppard,ATL,190.5,86.18248
Jeff Teague,MIL,190.5,88.45044
Jeff Trepagnier,DEN,193.04,90.7184
Jeff Withey,DAL,213.36,104.32616
Jeffery Taylor,CHA,200.66,102.0582
Jelani McCoy,DEN,208.28,111.13004
Jemerrio Jones,LAL,195.58,79.3786
Jerald Honeycutt,PHI,205.74,115.212368
Jerami Grant,POR,203.2,95.25432
Jerel McNeal,PHX,190.5,90.7184
Jeremiah Martin,CLE,187.96,83.91452
Jeremiah Robinson-Earl,OKC,203.2,108.86208
Jeremy Evans,ATL,205.74,90.7184
Jeremy Lamb,SAC,195.58,81.64656
Jeremy Lin,TOR,190.5,90.7184
Jeremy Pargo,GSW,187.96,99.336648
Jeremy Richardson,ORL,200.66,88.45044
Jeremy Sochan,SAS,203.2,104.32616
Jeremy Tyler,NYK,208.28,113.398
Jerian Grant,WAS,193.04,89.811216
Jericho Sims,NYK,208.28,113.398
Jermaine Jackson,MIL,195.58,92.532768
Jermaine O'Neal,GSW,210.82,115.66596
Jermaine Taylor,SAC,193.04,95.25432
Jermareo Davidson,GSW,208.28,104.32616
Jerome Allen,DEN,193.04,83.46092800000001
Jerome Beasley,MIA,205.74,107.501304
Jerome Dyson,NOH,190.5,81.64656
Jerome James,NYK,215.9,129.27372
Jerome Jordan,BKN,213.36,114.758776
Jerome Kersey,MIL,200.66,97.52228
Jerome Moiso,CLE,208.28,117.93392
Jerome Robinson,WAS,193.04,86.18248
Jerome Williams,NYK,205.74,93.439952
Jerrelle Benimon,DEN,203.0,111.0
Jerry Smith,NJN,187.96,86.18248
Jerry Stackhouse,BKN,198.12,98.883056
Jerryd Bayless,MIN,190.5,90.7184
Jeryl Sasser,ORL,198.12,90.7184
Jevon Carter,MIL,185.42,90.7184
Jim Jackson,LAL,198.12,99.79024
Jim McIlvaine,NJN,215.9,108.86208
Jimmer Fredette,PHX,187.96,88.45044
Jimmy Butler,MIA,200.66,104.32616
Jimmy Carruth,MIL,208.28,120.20188
Jimmy King,DEN,195.58,95.25432
Jimmy Oliver,PHX,195.58,92.98636
Jiri Welsch,MIL,200.66,94.347136
Joakim Noah,LAC,210.82,105.233344
Jock Landale,PHX,210.82,115.66596
Jodie Meeks,TOR,193.04,95.25432
Joe Alexander,CHI,203.2,104.32616
Joe Chealey,CHA,193.04,86.18248
Joe Courtney,SAS,203.2,106.59412
Joe Crawford,NYK,195.58,95.25432
Joe Crispin,PHX,182.88,83.91452
Joe Dumars,DET,190.5,88.45044
Joe Harris,BKN,198.12,99.79024
Joe Ingles,MIL,205.74,99.79024
Joe Johnson,BOS,200.66,108.86208
Joe Kleine,POR,210.82,115.66596
Joe Smith,LAL,208.28,102.0582
Joe Stephens,VAN,200.66,95.25432
Joe Wieskamp,TOR,198.12,92.98636
Joe Wolf,CHH,210.82,104.32616
Joe Young,IND,187.96,83.91452
Joel Anthony,SAS,205.74,111.13004
Joel Ayayi,WAS,193.04,81.64656
Joel Bolomboy,UTA,205.74,106.59412
Joel Embiid,PHI,213.36,127.00576
Joel Freeland,POR,208.28,102.0582
Joel Przybilla,MIL,215.9,111.13004
Joey Dorsey,HOU,205.74,124.7378
Joey Graham,CLE,200.66,104.32616
Joffrey Lauvergne,SAS,210.82,117.93392
Johan Petro,ATL,213.36,112.037224
John Amaechi,UTA,208.28,122.46984
John Butler Jr.,POR,213.36,86.18248
John Celestand,LAL,193.04,80.73937600000001
John Coker,GSW,213.36,114.758776
John Collins,ATL,205.74,102.511792
John Crotty,DEN,185.42,83.91452
John Edwards,ATL,213.36,124.7378
John Henson,DET,205.74,99.336648
John Holland,CLE,195.58,92.98636
John Jenkins,NYK,193.04,97.52228
John Konchar,MEM,195.58,95.25432
John Long,TOR,195.58,90.7184
John Lucas III,MIN,180.34,75.296272
John Salley,LAL,210.82,115.66596
John Salmons,NOP,198.12,95.25432
John Starks,UTA,195.58,86.18248
John Stockton,UTA,185.42,79.3786
John Thomas,NJN,205.74,120.20188
John Wall,LAC,190.5,95.25432
John Wallace,MIA,205.74,102.0582
Johnathan Motley,LAC,203.2,104.32616
Johnathan Williams,WAS,205.74,103.418976
Johnny Davis,WAS,193.04,88.45044
Johnny Juzang,UTA,198.12,94.800728
Johnny Newman,DAL,200.66,95.25432
Johnny O'Bryant III,CHA,205.74,116.573144
Johnny Taylor,ORL,205.74,99.79024
Jon Barry,HOU,195.58,95.25432
Jon Brockman,MIL,200.66,115.66596
Jon Leuer,DET,208.28,103.418976
Jon Teske,MEM,215.9,120.20188
Jonah Bolden,PHX,203.2,102.0582
Jonas Jerebko,GSW,208.28,104.779752
Jonas Valanciunas,NOP,210.82,120.20188
Jonathan Bender,NYK,213.36,104.32616
Jonathan Gibson,BOS,187.96,83.91452
Jonathan Isaac,ORL,208.28,104.32616
Jonathan Kerner,ORL,210.82,111.13004
Jonathan Kuminga,GSW,200.66,102.0582
Jonathon Simmons,PHI,198.12,88.45044
Jonny Flynn,POR,182.88,83.91452
Jontay Porter,MEM,210.82,108.86208
Jordan Adams,MEM,195.58,94.800728
Jordan Bell,CHI,200.66,97.975872
Jordan Bone,ORL,187.96,81.64656
Jordan Clarkson,UTA,195.58,87.996848
Jordan Crawford,NOP,195.58,88.45044
Jordan Farmar,SAC,187.96,81.64656
Jordan Goodwin,WAS,190.5,90.7184
Jordan Hall,SAS,200.66,97.52228
Jordan Hamilton,NOP,200.66,99.79024
Jordan Hill,MIN,208.28,108.86208
Jordan Loyd,TOR,193.04,95.25432
Jordan McLaughlin,MIN,182.88,83.91452
Jordan McRae,DET,195.58,81.19296800000001
Jordan Mickey,MIA,203.2,106.59412
Jordan Nwora,IND,205.74,102.0582
Jordan Poole,GSW,193.04,87.996848
Jordan Schakel,WAS,198.12,90.7184
Jordan Sibert,ATL,193.04,84.821704
Jordan Williams,NJN,208.28,117.93392
Jorge Garbajosa,TOR,205.74,111.13004
Jorge Gutierrez,CHA,190.5,85.728888
Jose Alvarado,NOP,182.88,81.19296800000001
Jose Calderon,DET,190.5,90.7184
Joseph Forte,SEA,193.04,87.996848
Josh Akognon,DAL,180.34,83.91452
Josh Boone,NJN,208.28,108.86208
Josh Childress,NOP,203.2,95.25432
Josh Christopher,HOU,193.04,97.52228
Josh Davis,MEM,203.2,106.59412
Josh Giddey,OKC,203.2,97.975872
Josh Gray,NOP,182.88,81.64656
Josh Green,DAL,200.66,90.7184
Josh Hall,OKC,205.74,86.18248
Josh Harrellson,DET,208.28,124.7378
Josh Hart,NYK,193.04,97.52228
Josh Howard,MIN,200.66,95.25432
Josh Huestis,OKC,200.66,104.32616
Josh Jackson,SAC,203.2,93.893544
Josh Magette,ORL,185.42,72.57472
Josh McRoberts,DAL,208.28,108.86208
Josh Minott,MIN,203.2,92.98636
Josh Okogie,PHX,193.04,96.615096
Josh Powell,HOU,205.74,108.86208
Josh Reaves,DAL,193.04,97.068688
Josh Richardson,NOP,198.12,90.7184
Josh Selby,MEM,187.96,83.007336
Josh Smith,NOP,205.74,102.0582
Joshua Primo,SAS,198.12,85.728888
Jrue Holiday,MIL,195.58,92.98636
Juan Carlos Navarro,MEM,190.5,77.11064
Juan Dixon,WAS,190.5,74.84268
Juan Toscano-Anderson,UTA,198.12,94.800728
Juancho Hernangomez,TOR,205.74,97.068688
Juaquin Hawkins,HOU,200.66,92.98636
Jud Buechler,ORL,198.12,103.418976
Julian Champagnie,SAS,200.66,98.429464
Julian Washburn,MEM,203.2,94.800728
Julian Wright,TOR,203.2,102.0582
Julius Hodge,MIL,200.66,99.79024
Julius Randle,NYK,203.2,113.398
Julyan Stone,CHA,198.12,90.7184
Jumaine Jones,PHX,203.2,104.32616
Junior Harrington,MEM,193.04,86.18248
Justin Anderson,IND,195.58,104.779752
Justin Champagnie,BOS,198.12,93.439952
Justin Dentmon,DAL,180.34,83.91452
Justin Hamilton,BKN,213.36,115.66596
Justin Harper,PHI,208.28,102.0582
Justin Holiday,DAL,198.12,81.64656
Justin Jackson,BOS,203.2,99.79024
Justin James,SAC,200.66,86.18248
Justin Minaya,POR,200.66,95.25432
Justin Patton,HOU,210.82,109.315672
Justin Reed,MIN,203.2,108.86208
Justin Robinson,DET,185.42,88.45044
Justin Williams,HOU,208.28,117.93392
Justin Wright-Foreman,UTA,182.88,86.18248
Justise Winslow,POR,198.12,100.697424
Jusuf Nurkic,POR,213.36,131.54168
Juwan Howard,MIA,205.74,113.398
Juwan Morgan,BOS,200.66,105.233344
KJ McDaniels,BKN,198.12,92.98636
KZ Okpala,SAC,203.2,97.52228
Kadeem Allen,NYK,185.42,90.7184
Kai Jones,CHA,210.82,100.243832
Kalin Lucas,DET,185.42,88.45044
Kaniel Dickens,CLE,203.2,97.52228
Kareem Rush,LAC,198.12,97.52228
Karim Mane,ORL,190.5,86.18248
Karl Malone,LAL,205.74,117.480328
Karl-Anthony Towns,MIN,213.36,112.490816
Kasib Powell,MIA,200.66,97.52228
Kawhi Leonard,LAC,200.66,102.0582
Kay Felder,DET,175.26,79.83219199999998
Kebu Stewart,PHI,203.2,108.408488
Kedrick Brown,PHI,200.66,100.697424
Keegan Murray,SAC,203.2,102.0582
Keifer Sykes,IND,180.34,75.749864
Keita Bates-Diop,SAS,203.2,103.872568
Keith Appling,ORL,185.42,83.91452
Keith Askins,MIA,203.2,97.52228
Keith Benson,GSW,210.82,104.32616
Keith Bogans,BOS,195.58,97.52228
Keith Booth,CHI,198.12,102.511792
Keith Closs,LAC,220.98,96.161504
Keith Langford,SAS,193.04,97.52228
Keith McLeod,IND,187.96,86.18248
Keith Tower,MIL,210.82,113.398
Keith Van Horn,DAL,208.28,111.13004
Kelan Martin,BOS,195.58,104.32616
Keldon Johnson,SAS,195.58,99.79024
Kelenna Azubuike,DAL,195.58,97.52228
Keljin Blevins,POR,193.04,90.7184
Kelly McCarty,DEN,200.66,90.7184
Kelly Olynyk,UTA,210.82,108.86208
Kelly Oubre Jr.,CHA,198.12,92.079176
Kelvin Cato,NYK,210.82,124.7378
Kemba Walker,DAL,182.88,83.46092800000001
Ken Johnson,MIA,208.28,108.86208
Ken Norman,ATL,203.2,97.52228
Kendall Brown,IND,200.66,92.98636
Kendall Gill,MIL,195.58,97.975872
Kendall Marshall,PHI,193.04,90.7184
Kendrick Nunn,WAS,190.5,86.18248
Kendrick Perkins,CLE,208.28,122.46984
Kennedy Chandler,MEM,180.34,77.11064
Kenneth Faried,HOU,203.2,99.79024
Kenneth Lofton Jr.,MEM,198.12,124.7378
Kenny Anderson,LAC,185.42,76.203456
Kenny Satterfield,PHI,187.96,77.11064
Kenny Smith,DEN,190.5,77.11064
Kenny Thomas,SAC,200.66,111.13004
Kenrich Williams,OKC,198.12,95.25432
Kent Bazemore,LAL,193.04,88.45044
Kentavious Caldwell-Pope,DEN,195.58,92.532768
Kenyon Martin,MIL,205.74,102.0582
Kenyon Martin Jr.,HOU,200.66,97.52228
Keon Clark,UTA,210.82,100.243832
Keon Ellis,SAC,190.5,79.3786
Keon Johnson,POR,190.5,83.91452
Kerry Kittles,LAC,195.58,83.91452
Kessler Edwards,SAC,200.66,92.079176
Kevin Burleson,CHA,190.5,92.98636
Kevin Duckworth,LAC,213.36,136.0776
Kevin Durant,PHX,208.28,108.86208
Kevin Edwards,VAN,190.5,95.25432
Kevin Gamble,SAC,195.58,95.25432
Kevin Garnett,MIN,210.82,108.86208
Kevin Hervey,OKC,205.74,104.32616
Kevin Huerter,SAC,200.66,89.811216
Kevin Johnson,PHX,185.42,86.18248
Kevin Jones,CLE,203.2,117.93392
Kevin Knox II,POR,200.66,97.52228
Kevin Love,MIA,203.2,113.851592
Kevin Martin,SAS,200.66,90.264808
Kevin Murphy,UTA,198.12,83.91452
Kevin Ollie,OKC,187.96,88.45044
Kevin Pangos,CLE,185.42,81.19296800000001
Kevin Porter Jr.,HOU,193.04,92.079176
Kevin Salvadori,SAC,213.36,104.779752
Kevin Seraphin,IND,208.28,126.098576
Kevin Willis,DAL,213.36,111.13004
Kevinn Pinkney,BOS,208.28,111.13004
Kevon Harris,ORL,198.12,97.975872
Kevon Looney,GSW,205.74,100.697424
Keyon Dooling,MEM,190.5,88.45044
Khalid El-Amin,CHI,177.8,90.7184
Khalid Reeves,CHI,190.5,90.264808
Khem Birch,SAS,203.2,105.68693600000002
Khris Middleton,MIL,200.66,100.697424
Khyri Thomas,HOU,190.5,95.25432
Killian Hayes,DET,195.58,88.45044
Killian Tillie,MEM,205.74,99.79024
Kim English,DET,198.12,90.7184
Kira Lewis Jr.,NOP,185.42,77.11064
Kirk Haston,NOH,205.74,109.769264
Kirk Hinrich,ATL,193.04,86.18248
Kirk Penney,LAC,195.58,99.79024
Kirk Snyder,MIN,198.12,102.0582
Kiwane Garris,ORL,187.96,83.007336
Klay Thompson,GSW,198.12,99.79024
Kobe Bryant,LAL,198.12,96.161504
Kobi Simmons,CHA,195.58,81.64656
Korleone Young,DET,200.66,96.615096
Kornel David,DET,205.74,104.32616
Kosta Koufos,SAC,213.36,111.13004
Kosta Perovic,GSW,218.44,108.86208
Kostas Antetokounmpo,LAL,208.28,90.7184
Kostas Papanikolaou,DEN,203.2,106.59412
Kris Dunn,UTA,190.5,92.98636
Kris Humphries,ATL,205.74,106.59412
Kris Joseph,BKN,200.66,95.25432
Kristaps Porzingis,WAS,220.98,108.86208
Kurt Thomas,NYK,205.74,108.86208
Kwame Brown,PHI,210.82,131.54168
Ky Bowman,GSW,185.42,84.821704
Kyle Alexander,MIA,208.28,97.975872
Kyle Anderson,MIN,205.74,104.32616
Kyle Collinsworth,DAL,198.12,95.25432
Kyle Guy,MIA,185.42,75.749864
Kyle Korver,MIL,200.66,96.161504
Kyle Kuzma,WAS,205.74,100.243832
Kyle Lowry,MIA,182.88,88.904032
Kyle O'Quinn,PHI,205.74,113.398
Kyle Singler,OKC,203.2,103.418976
Kyle Weaver,UTA,198.12,91.171992
Kyle Wiltjer,HOU,208.28,108.86208
Kyrie Irving,DAL,187.96,88.45044
Kyrylo Fesenko,IND,215.9,127.00576
LaMarcus Aldridge,BKN,210.82,113.398
LaMelo Ball,CHA,200.66,81.64656
LaPhonso Ellis,MIA,203.2,108.86208
LaSalle Thompson,IND,208.28,111.13004
Lamar Odom,LAC,208.28,104.32616
Lamar Patterson,ATL,195.58,102.0582
Lamar Stevens,CLE,198.12,104.32616
Lamond Murray,NJN,200.66,106.59412
Lance Allred,CLE,210.82,113.398
Lance Stephenson,IND,195.58,95.25432
Lance Thomas,BKN,203.2,102.0582
Landry Fields,TOR,200.66,97.52228
Landry Shamet,PHX,193.04,86.18248
Langston Galloway,MIL,185.42,90.7184
Lari Ketner,IND,205.74,125.644984
Laron Profit,LAL,195.58,92.532768
Larry Drew II,NOP,187.96,81.64656
Larry Hughes,ORL,195.58,83.91452
Larry Johnson,NYK,200.66,106.59412
Larry Krystkowiak,LAL,205.74,99.79024
Larry Nance Jr.,NOP,203.2,111.13004
Larry Owens,NJN,200.66,95.25432
Larry Robinson,NYK,190.5,81.64656
Larry Sanders,CLE,210.82,104.32616
Larry Stewart,SEA,203.2,104.32616
Latrell Sprewell,MIN,195.58,88.45044
Lauri Markkanen,UTA,213.36,108.86208
Lavor Postell,NYK,195.58,97.52228
Lavoy Allen,IND,205.74,117.93392
Lawrence Funderburke,CHI,205.74,104.32616
Lawrence Moten,WAS,195.58,83.91452
Lawrence Roberts,MEM,205.74,108.86208
Lazar Hayward,MIN,198.12,102.0582
Lazaro Borrell,SEA,203.2,99.79024
LeBron James,LAL,205.74,113.398
Leandro Barbosa,PHX,190.5,87.996848
Leandro Bolmaro,UTA,198.12,90.7184
Ledell Eackles,WAS,195.58,104.779752
Lee Mayberry,VAN,185.42,78.017824
Lee Nailon,PHI,205.74,109.315672
Leon Powe,MEM,203.2,108.86208
Leon Smith,SEA,208.28,106.59412
Lester Hudson,LAC,190.5,86.18248
Lester Quinones,GSW,193.04,94.347136
Linas Kleiza,TOR,203.2,106.140528
Lindell Wigginton,MIL,185.42,85.728888
Lindsey Hunter,CHI,187.96,88.45044
Lindy Waters III,OKC,198.12,95.25432
Linton Johnson,CHI,203.2,92.98636
Lionel Chalmers,LAC,182.88,81.64656
Lionel Simmons,SAC,200.66,95.25432
Litterial Green,CLE,185.42,83.91452
Lloyd Daniels,TOR,200.66,92.98636
London Perrantes,SAS,187.96,86.18248
Lonnie Walker IV,LAL,193.04,92.532768
Lonny Baxter,CHA,203.2,117.93392
Lonzo Ball,CHI,198.12,86.18248
Loren Meyer,DEN,208.28,117.93392
Loren Woods,HOU,218.44,117.93392
Lorenzen Wright,CLE,210.82,115.66596
Lorenzo Brown,TOR,195.58,85.728888
Lorenzo Williams,WAS,205.74,90.7184
Lou Amundson,NYK,205.74,99.79024
Lou Roe,GSW,200.66,99.79024
Lou Williams,ATL,187.96,79.3786
Louis King,PHI,200.66,92.98636
Loy Vaught,WAS,205.74,108.86208
Luc Longley,NYK,218.44,120.20188
Luc Mbah a Moute,HOU,203.2,104.32616
Lucas Nogueira,TOR,213.36,99.79024
Lucious Harris,CLE,195.58,92.98636
Luguentz Dort,OKC,193.04,99.79024
Luis Flores,DEN,187.96,88.45044
Luis Montero,DET,200.66,90.7184
Luis Scola,BKN,205.74,109.315672
Luka Doncic,DAL,200.66,104.32616
Luka Garza,MIN,208.28,110.222856
Luka Samanic,UTA,208.28,102.965384
Luke Babbitt,MIA,205.74,102.0582
Luke Harangody,CLE,200.66,111.13004
Luke Jackson,MIA,200.66,97.52228
Luke Kennard,MEM,195.58,93.439952
Luke Kornet,BOS,218.44,113.398
Luke Ridnour,ORL,187.96,79.3786
Luke Schenscher,POR,215.9,120.20188
Luke Walton,CLE,203.2,106.59412
Luke Zeller,PHX,210.82,111.13004
Luol Deng,MIN,205.74,107.501304
Luther Head,SAC,190.5,83.91452
Lynn Greer,MIL,187.96,79.3786
M.J. Walker,PHX,195.58,96.615096
Maalik Wayns,LAC,185.42,88.45044
Mac McClung,PHI,187.96,83.91452
Maceo Baston,IND,208.28,104.32616
Maciej Lampe,HOU,210.82,124.7378
Mahmoud Abdul-Rauf,VAN,185.42,73.481904
Malachi Flynn,TOR,185.42,79.3786
Malachi Richardson,TOR,198.12,92.98636
Malaki Branham,SAS,193.04,81.64656
Malcolm Brogdon,BOS,193.04,103.872568
Malcolm Delaney,ATL,190.5,86.18248
Malcolm Hill,CHI,198.12,99.79024
Malcolm Lee,PHI,195.58,90.7184
Malcolm Miller,TOR,200.66,95.25432
Malcolm Thomas,PHI,205.74,102.0582
Malik Allen,ORL,208.28,115.66596
Malik Beasley,LAL,193.04,84.821704
Malik Fitts,BOS,195.58,104.32616
Malik Hairston,SAS,198.12,99.79024
Malik Monk,SAC,190.5,90.7184
Malik Newman,CLE,190.5,86.18248
Malik Rose,OKC,200.66,115.66596
Malik Sealy,MIN,203.2,90.7184
Mamadi Diakite,CLE,205.74,103.418976
Mamadou N'diaye,LAC,213.36,115.66596
Mangok Mathiang,CHA,208.28,104.32616
Manny Harris,DAL,195.58,83.91452
Manu Ginobili,SAS,198.12,92.98636
MarJon Beauchamp,MIL,200.66,90.264808
MarShon Brooks,MEM,195.58,90.7184
Marc Gasol,LAL,210.82,115.66596
Marc Jackson,NOK,208.28,114.758776
Marcelo Huertas,LAL,190.5,90.7184
Marcin Gortat,LAC,210.82,108.86208
Marco Belinelli,SAS,195.58,99.79024
Marcus Banks,TOR,187.96,92.98636
Marcus Brown,DET,190.5,83.91452
Marcus Camby,NYK,210.82,108.86208
Marcus Cousin,UTA,210.82,111.13004
Marcus Derrickson,GSW,200.66,112.944408
Marcus Fizer,NOK,203.2,117.93392
Marcus Garrett,MIA,195.58,92.98636
Marcus Georges-Hunt,MIN,195.58,102.511792
Marcus Haislip,SAS,208.28,104.32616
Marcus Landry,BOS,200.66,104.32616
Marcus Morris,DET,205.74,106.59412
Marcus Morris Sr.,LAC,203.2,98.883056
Marcus Paige,CHA,182.88,74.389088
Marcus Smart,BOS,193.04,99.79024
Marcus Thornton,WAS,193.04,92.98636
Marcus Vinicius,NOH,203.2,102.0582
Marcus Williams,MEM,190.5,92.98636
Mardy Collins,LAC,198.12,99.79024
Marial Shayok,PHI,195.58,89.811216
Mario Bennett,LAC,198.12,106.59412
Mario Chalmers,MEM,187.96,86.18248
Mario Elie,PHX,195.58,102.0582
Mario Hezonja,POR,203.2,99.79024
Mario Kasun,ORL,215.9,117.93392
Mario West,NJN,195.58,95.25432
Mark Baker,TOR,185.42,79.3786
Mark Blount,MIA,213.36,113.398
Mark Bradtke,PHI,208.28,120.20188
Mark Bryant,BOS,205.74,113.398
Mark Davis,GSW,200.66,92.98636
Mark Hendrickson,NJN,205.74,99.79024
Mark Jackson,HOU,190.5,88.45044
Mark Jones,ORL,198.12,97.52228
Mark Macon,DET,193.04,83.91452
Mark Madsen,MIN,205.74,115.66596
Mark Pope,DEN,208.28,106.59412
Mark Price,ORL,182.88,81.64656
Mark Strickland,DAL,208.28,99.79024
Mark West,PHX,208.28,104.32616
Mark Williams,CHA,213.36,108.86208
Markel Brown,HOU,190.5,86.18248
Markelle Fultz,ORL,193.04,94.800728
Markieff Morris,DAL,205.74,111.13004
Marko Guduric,MEM,198.12,91.171992
Marko Jaric,MEM,200.66,101.604608
Marko Milic,PHX,198.12,106.59412
Marko Simonovic,CHI,213.36,99.79024
Markus Howard,DEN,177.8,79.3786
Marlon Garnett,BOS,187.96,84.368112
Marques Bolden,CLE,208.28,112.944408
Marquese Chriss,DAL,205.74,108.86208
Marquis Daniels,MIL,198.12,90.7184
Marquis Teague,MEM,187.96,85.728888
Marreese Speights,ORL,208.28,115.66596
Marshall Plumlee,MIL,213.36,113.398
Martell Webster,WAS,200.66,104.32616
Martin Lewis,TOR,198.12,102.0582
Martin Muursepp,DAL,205.74,106.59412
Marty Conlon,LAC,208.28,101.604608
Martynas Andriuskevicius,CLE,218.44,108.86208
Marvin Bagley III,DET,208.28,106.59412
Marvin Williams,MIL,203.2,107.501304
Mason Jones,LAL,193.04,90.7184
Mason Plumlee,LAC,213.36,115.212368
Mateen Cleaves,SEA,187.96,95.25432
Matisse Thybulle,POR,195.58,91.171992
Matt Barnes,GSW,200.66,102.511792
Matt Bonner,SAS,208.28,106.59412
Matt Bullard,CHH,208.28,97.52228
Matt Carroll,CHA,198.12,96.161504
Matt Costello,SAS,208.28,108.86208
Matt Fish,MIA,210.82,106.59412
Matt Freije,ATL,205.74,112.944408
Matt Geiger,PHI,205.74,110.222856
Matt Harpring,UTA,200.66,104.32616
Matt Maloney,ATL,190.5,87.089664
Matt Mooney,NYK,187.96,90.264808
Matt Ryan,MIN,198.12,97.52228
Matt Steigenga,CHI,200.66,102.0582
Matt Thomas,CHI,190.5,86.18248
Matt Walsh,MIA,198.12,99.79024
Matt Williams Jr.,MIA,195.58,95.25432
Matthew Dellavedova,SAC,190.5,90.7184
Maurice Ager,MIN,195.58,91.625584
Maurice Baker,POR,187.96,90.7184
Maurice Carter,NOH,195.58,95.25432
Maurice Evans,WAS,195.58,99.79024
Maurice Harkless,SAC,200.66,99.79024
Maurice Ndour,NYK,205.74,90.7184
Maurice Taylor,SAC,205.74,120.20188
Max Christie,LAL,195.58,86.18248
Max Strus,MIA,195.58,97.52228
Maxi Kleber,DAL,208.28,108.86208
McKinley Wright IV,DAL,180.34,87.089664
Mehmet Okur,NJN,210.82,117.93392
Melvin Booker,GSW,187.96,83.91452
Melvin Ely,NOP,208.28,117.93392
Melvin Frazier Jr.,OKC,195.58,97.52228
Melvin Sanders,SAS,195.58,95.25432
Mengke Bateer,TOR,210.82,131.54168
Metta World Peace,LAL,200.66,117.93392
Meyers Leonard,MIL,213.36,117.93392
Mfiondu Kabengele,BOS,208.28,113.398
Micah Potter,UTA,203.2,112.490816
Michael Beasley,LAL,205.74,106.59412
Michael Bradley,PHI,208.28,111.13004
Michael Cage,NJN,205.74,101.604608
Michael Carter-Williams,ORL,195.58,86.18248
Michael Curry,IND,195.58,95.25432
Michael Dickerson,MEM,195.58,86.18248
Michael Doleac,MIN,210.82,118.841104
Michael Finley,BOS,200.66,102.0582
Michael Foster Jr.,PHI,203.2,113.398
Michael Frazier II,HOU,190.5,90.7184
Michael Gbinije,DET,200.66,90.7184
Michael Hawkins,CLE,182.88,80.73937600000001
Michael Jordan,WAS,198.12,97.975872
Michael Kidd-Gilchrist,DAL,198.12,105.233344
Michael McDonald,CHH,208.28,105.233344
Michael Olowokandi,BOS,213.36,122.46984
Michael Porter Jr.,DEN,208.28,98.883056
Michael Redd,PHX,198.12,97.52228
Michael Ruffin,POR,203.2,112.490816
Michael Smith,WAS,203.2,108.86208
Michael Stewart,ATL,208.28,104.32616
Michael Sweetney,CHI,203.2,122.46984
Micheal Williams,TOR,187.96,79.3786
Mickael Gelabale,MIN,200.66,97.52228
Mickael Pietrus,TOR,198.12,97.52228
Mickell Gladness,GSW,210.82,99.79024
Mikal Bridges,BKN,198.12,94.800728
Mike Batiste,MEM,203.2,102.0582
Mike Bibby,NYK,187.96,88.45044
Mike Brown,PHX,208.28,117.93392
Mike Conley,MIN,185.42,79.3786
Mike Dunleavy,ATL,205.74,104.32616
Mike Hall,WAS,203.2,104.32616
Mike Harris,UTA,198.12,109.769264
Mike James,BKN,185.42,79.3786
Mike Miller,DEN,203.2,98.883056
Mike Muscala,BOS,210.82,108.86208
Mike Penberthy,LAL,190.5,81.64656
Mike Scott,PHI,200.66,107.501304
Mike Smith,WAS,203.2,88.45044
Mike Taylor,LAC,187.96,74.84268
Mike Tobey,CHA,213.36,117.93392
Mike Wilks,OKC,177.8,81.64656
Mikki Moore,GSW,213.36,102.0582
Mile Ilic,NJN,215.9,115.66596
Miles Bridges,CHA,200.66,102.0582
Miles McBride,NYK,187.96,88.45044
Miles Plumlee,ATL,210.82,112.944408
Miles Simon,ORL,190.5,91.625584
Milos Teodosic,LAC,195.58,88.904032
Milt Palacio,UTA,193.04,95.25432
Milton Doyle,BKN,193.04,81.64656
Mindaugas Kuzminskas,NYK,205.74,97.52228
Miroslav Raduljica,MIN,213.36,113.398
Mirsad Turkcan,MIL,205.74,97.975872
Mirza Teletovic,MIL,205.74,109.769264
Mitch McGary,OKC,208.28,115.66596
Mitch Richmond,LAL,195.58,99.79024
Mitchell Butler,WAS,195.58,95.25432
Mitchell Creek,MIN,198.12,102.0582
Mitchell Robinson,NYK,213.36,108.86208
Miye Oni,UTA,195.58,93.439952
Mo Bamba,LAL,213.36,104.779752
Mo Williams,CLE,185.42,89.811216
Monta Ellis,IND,190.5,83.91452
Monte Morris,WAS,187.96,83.007336
Montrezl Harrell,PHI,200.66,108.86208
Monty Williams,PHI,203.2,102.0582
Moochie Norris,NOK,185.42,83.91452
Mookie Blaylock,GSW,182.88,81.64656
Moritz Wagner,ORL,210.82,111.13004
Morris Almond,WAS,198.12,102.0582
Morris Peterson,OKC,200.66,99.79024
Moses Brown,BKN,218.44,111.13004
Moses Moody,GSW,195.58,95.707912
Moses Wright,DAL,203.2,102.511792
Mouhamed Sene,NYK,210.82,104.32616
Moussa Diabate,LAC,208.28,95.25432
Muggsy Bogues,TOR,160.02,61.688512
Mustafa Shakur,OKC,190.5,86.18248
Mychal Mulder,MIA,190.5,88.45044
Mychel Thompson,CLE,198.12,95.707912
Myke Henry,MEM,198.12,95.25432
Myles Powell,PHI,187.96,88.45044
Myles Turner,IND,210.82,113.398
Naji Marshall,NOP,200.66,99.79024
Nando De Colo,TOR,195.58,88.45044
Nassir Little,POR,195.58,99.79024
Nate Darling,CHA,198.12,90.7184
Nate Driggers,BOS,195.58,97.52228
Nate Hinton,IND,195.58,95.25432
Nate Huffman,TOR,215.9,111.13004
Nate McMillan,SEA,195.58,95.25432
Nate Robinson,NOP,175.26,81.64656
Nate Wolters,UTA,193.04,86.18248
Nathan Jawai,MIN,208.28,127.00576
Nathan Knight,MIN,203.2,114.758776
Naz Mitrou-Long,IND,190.5,98.883056
Naz Reid,MIN,205.74,119.748288
Nazr Mohammed,OKC,208.28,113.398
Ndudi Ebi,MIN,205.74,88.45044
Neemias Queta,SAC,213.36,112.490816
Negele Knight,TOR,185.42,79.3786
Nemanja Bjelica,GSW,205.74,106.140528
Nemanja Nedovic,GSW,190.5,87.089664
Nenad Krstic,BOS,213.36,108.86208
Nene,HOU,210.82,113.398
Nerlens Noel,BKN,208.28,99.79024
Nic Claxton,BKN,210.82,97.52228
Nick Anderson,MEM,198.12,92.98636
Nick Calathes,MEM,198.12,96.615096
Nick Collison,OKC,208.28,115.66596
Nick Fazekas,LAC,210.82,106.59412
Nick Johnson,HOU,190.5,91.625584
Nick Richards,CHA,213.36,111.13004
Nick Van Exel,SAS,185.42,86.18248
Nick Young,DEN,200.66,95.25432
Nickeil Alexander-Walker,MIN,195.58,92.98636
Nico Mannion,GSW,187.96,86.18248
Nicolas Batum,LAC,203.2,104.32616
Nicolas Brussino,ATL,203.2,88.45044
Nicolas Claxton,BKN,210.82,97.52228
Nicolas Laprovittola,SAS,193.04,81.64656
Nicolo Melli,DAL,205.74,107.047712
Nigel Hayes,SAC,200.66,115.212368
Nigel Williams-Goss,UTA,187.96,86.18248
Nik Stauskas,BOS,198.12,93.893544
Nikola Jokic,DEN,210.82,128.820128
Nikola Jovic,MIA,208.28,92.98636
Nikola Mirotic,MIL,208.28,113.398
Nikola Pekovic,MIN,210.82,139.252744
Nikola Vucevic,CHI,208.28,117.93392
Nikoloz Tskitishvili,PHX,213.36,102.0582
Noah Vonleh,BOS,208.28,116.573144
Noel Felix,SEA,205.74,102.0582
Nolan Smith,POR,187.96,83.91452
Norman Powell,LAC,193.04,97.52228
Norman Richardson,CHI,195.58,90.7184
Norris Cole,OKC,187.96,79.3786
Norvel Pelle,UTA,208.28,104.779752
O.G. Anunoby,TOR,200.66,105.233344
O.J. Mayo,MIL,195.58,95.25432
OG Anunoby,TOR,200.66,105.233344
Obi Toppin,NYK,205.74,99.79024
Obinna Ekezie,ATL,205.74,122.46984
Ochai Agbaji,UTA,195.58,97.52228
Ognjen Kuzmic,GSW,213.36,117.93392
Okaro White,WAS,203.2,92.98636
Olden Polynice,LAC,208.28,113.398
Oleksiy Pecherov,MIN,213.36,106.140528
Oliver Lafayette,BOS,187.96,86.18248
Oliver Miller,MIN,205.74,142.88148
Olivier Sarr,OKC,210.82,108.86208
Olumide Oyedeji,ORL,208.28,108.86208
Omar Cook,TOR,185.42,86.18248
Omari Johnson,MEM,205.74,99.79024
Omari Spellman,MIN,203.2,111.13004
Omer Asik,CHI,213.36,115.66596
Omer Yurtseven,MIA,210.82,124.7378
Omri Casspi,MEM,205.74,102.0582
Onyeka Okongwu,ATL,205.74,108.86208
Orien Greene,NJN,193.04,94.347136
Orlando Johnson,NOP,195.58,99.79024
Orlando Robinson,MIA,208.28,106.59412
Oscar Torres,GSW,198.12,95.25432
Oshae Brissett,IND,200.66,95.25432
Othella Harrington,CHA,205.74,106.59412
Othello Hunter,ATL,203.2,102.0582
Othyus Jeffers,MIN,195.58,95.25432
Otis Thorpe,CHH,208.28,112.490816
Otto Porter Jr.,TOR,203.2,89.811216
Ousmane Dieng,OKC,205.74,83.91452
P.J. Brown,BOS,210.82,108.408488
P.J. Dozier,DEN,198.12,92.98636
P.J. Tucker,PHI,195.58,111.13004
P.J. Washington,CHA,200.66,104.32616
PJ Dozier,SAC,198.12,92.98636
PJ Hairston,MEM,198.12,104.32616
PJ Tucker,TOR,198.12,111.13004
Pablo Prigioni,LAC,190.5,83.91452
Paolo Banchero,ORL,208.28,113.398
Pape Sow,TOR,208.28,113.398
Pape Sy,ATL,200.66,102.0582
Paris Bass,PHX,203.2,90.7184
Pascal Siakam,TOR,203.2,104.32616
Pat Burke,PHX,210.82,113.398
Pat Connaughton,MIL,195.58,94.800728
Pat Garrity,ORL,205.74,107.954896
Patricio Garino,ORL,198.12,92.079176
Patrick Baldwin,GSW,205.74,99.79024
Patrick Beverley,CHI,187.96,81.64656
Patrick Christopher,MEM,196.0,94.0
Patrick Ewing,NOH,203.2,106.59412
Patrick McCaw,TOR,200.66,82.10015200000001
Patrick O'Bryant,TOR,213.36,113.398
Patrick Patterson,LAC,203.2,106.59412
Patrick Williams,CHI,200.66,97.52228
Patty Mills,BKN,182.88,81.64656
Pau Gasol,MIL,213.36,113.398
Paul Davis,WAS,210.82,122.46984
Paul George,LAC,203.2,99.79024
Paul Grant,UTA,213.36,111.13004
Paul McPherson,GSW,193.04,95.25432
Paul Millsap,PHI,200.66,116.573144
Paul Pierce,LAC,200.66,106.59412
Paul Reed,PHI,205.74,95.25432
Paul Shirley,PHX,208.28,104.32616
Paul Watson,OKC,198.12,95.25432
Paul Zipser,CHI,203.2,102.511792
Pavel Podkolzin,DAL,226.06,117.93392
Payton Pritchard,BOS,185.42,88.45044
Peja Stojakovic,DAL,208.28,103.872568
Pepe Sanchez,DET,193.04,88.45044
Pero Antic,ATL,210.82,117.93392
Perry Jones III,OKC,210.82,106.59412
Pervis Ellison,SEA,205.74,95.25432
Pete Chilcutt,LAC,208.28,111.13004
Pete Myers,NYK,198.12,81.64656
Peter Aluma,SAC,208.28,117.93392
Peter John Ramos,WAS,220.98,124.7378
Petr Cornelie,DEN,210.82,99.79024
Peyton Siva,DET,182.88,83.91452
Peyton Watson,DEN,200.66,90.7184
Phil Pressey,POR,180.34,79.3786
Pierre Jackson,DAL,177.8,81.64656
Pooh Jeter,SAC,180.34,79.3786
Pooh Richardson,LAC,185.42,81.64656
Popeye Jones,GSW,203.2,120.20188
Pops Mensah-Bonsu,NOH,205.74,106.59412
Precious Achiuwa,TOR,203.2,102.0582
Predrag Drobnjak,ATL,210.82,122.46984
Predrag Savovic,DEN,198.12,102.0582
Priest Lauderdale,DEN,223.52,147.4174
Primoz Brezec,MIL,215.9,115.66596
Quentin Grimes,NYK,195.58,95.25432
Quentin Richardson,NYK,198.12,103.418976
Quenton Jackson,WAS,195.58,78.471416
Quincy Acy,PHX,200.66,108.86208
Quincy Douby,TOR,190.5,79.3786
Quincy Lewis,MIN,200.66,97.52228
Quincy Miller,DET,205.74,95.25432
Quincy Pondexter,SAS,200.66,104.32616
Quinn Cook,CLE,185.42,81.64656
Quinndary Weatherspoon,GSW,190.5,92.98636
Quinton Ross,NJN,198.12,87.543256
Qyntel Woods,NYK,203.2,99.79024
R.J. Hampton,DET,193.04,79.3786
RJ Barrett,NYK,198.12,97.068688
RJ Hunter,BOS,195.58,83.91452
RJ Nembhard Jr.,CLE,193.04,90.7184
Raef LaFrentz,POR,210.82,111.13004
Rafael Addison,CHH,203.2,109.315672
Rafael Araujo,UTA,210.82,122.46984
Rafer Alston,MIA,187.96,79.3786
RaiQuan Gray,BKN,200.66,122.016248
Raja Bell,UTA,195.58,95.25432
Rajon Rondo,CLE,185.42,81.64656
Rakeem Christmas,IND,205.74,113.398
Ramon Sessions,WAS,190.5,86.18248
Randell Jackson,DAL,210.82,97.52228
Randolph Childress,DET,187.96,85.275296
Randolph Morris,ATL,210.82,124.7378
Randy Brown,PHX,187.96,86.18248
Randy Foye,BKN,193.04,98.883056
Randy Holcomb,CHI,205.74,99.79024
Randy Livingston,SEA,193.04,94.800728
Rashad McCants,SAC,193.04,97.52228
Rashad Vaughn,MIL,198.12,91.625584
Rashard Lewis,MIA,208.28,106.59412
Rasheed Wallace,NYK,210.82,104.32616
Rasho Nesterovic,TOR,213.36,115.66596
Rasual Butler,SAS,200.66,97.52228
Ratko Varda,DET,215.9,117.93392
Raul Lopez,UTA,182.88,79.3786
Raul Neto,CLE,187.96,81.64656
Rawle Alkins,CHI,195.58,102.0582
Rawle Marshall,IND,200.66,86.18248
Ray Allen,MIA,195.58,92.98636
Ray McCallum,SAS,190.5,86.18248
Ray Owes,GSW,205.74,101.604608
Ray Spalding,HOU,205.74,102.0582
Rayjon Tucker,MIL,190.5,94.800728
Raymond Felton,OKC,185.42,92.98636
Reece Gaines,MIL,198.12,92.98636
Reggie Bullock,DAL,198.12,92.98636
Reggie Evans,SAC,203.2,111.13004
Reggie Geary,SAS,187.96,84.821704
Reggie Hanson,BOS,203.2,88.45044
Reggie Hearn,DET,195.58,95.25432
Reggie Jackson,DEN,187.96,94.347136
Reggie Jordan,WAS,193.04,88.45044
Reggie Miller,IND,200.66,88.45044
Reggie Perry,POR,203.2,113.398
Reggie Slater,MIN,200.66,115.66596
Reggie Williams,NOP,201.0,86.0
Renaldo Balkman,NYK,203.2,102.0582
Renaldo Major,GSW,200.66,86.18248
Rex Chapman,PHX,193.04,83.91452
Rex Walters,MIA,193.04,86.18248
Richard Hamilton,CHI,200.66,87.543256
Richard Jefferson,DEN,200.66,105.68693600000002
Richard Manning,LAC,210.82,111.13004
Richaun Holmes,SAC,203.2,106.59412
Richie Frahm,LAC,195.58,91.625584
Rick Brunson,HOU,193.04,86.18248
Rick Fox,LAL,200.66,106.59412
Rick Hughes,DAL,205.74,106.59412
Rick Mahorn,PHI,208.28,117.93392
Ricky Davis,LAC,200.66,88.45044
Ricky Ledo,NYK,200.66,88.45044
Ricky Pierce,MIL,193.04,97.52228
Ricky Rubio,CLE,187.96,86.18248
Rik Smits,IND,223.52,120.20188
Rob Edwards,OKC,195.58,92.98636
Rob Kurz,GSW,205.74,105.233344
Robbie Hummel,MIN,205.74,99.336648
Robert Archibald,TOR,210.82,113.398
Robert Covington,LAC,200.66,94.800728
Robert Franks,ORL,200.66,102.0582
Robert Hite,MIA,187.96,83.46092800000001
Robert Horry,SAS,208.28,108.86208
Robert Pack,NJN,187.96,86.18248
Robert Parish,CHI,215.9,110.676448
Robert Sacre,LAL,213.36,122.46984
Robert Swift,OKC,215.9,122.46984
Robert Traylor,CLE,203.2,128.820128
Robert Werdann,NJN,210.82,113.398
Robert Whaley,UTA,208.28,117.93392
Robert Williams III,BOS,205.74,107.501304
Robert Woodard II,SAS,198.12,106.59412
Robin Lopez,CLE,213.36,127.459352
Rod Strickland,HOU,190.5,83.91452
Rodions Kurucs,MIL,205.74,103.418976
Rodney Buford,NJN,195.58,88.45044
Rodney Carney,MEM,200.66,92.98636
Rodney Hood,LAC,203.2,94.347136
Rodney McGruder,DET,193.04,92.98636
Rodney Purvis,ORL,193.04,92.98636
Rodney Rogers,PHI,200.66,122.46984
Rodney Stuckey,IND,195.58,92.98636
Rodney White,GSW,205.74,104.32616
Rodrick Rhodes,DAL,198.12,102.0582
Rodrigue Beaubois,DAL,187.96,83.91452
Roger Mason Jr.,MIA,195.58,92.98636
Roger Powell,UTA,198.12,99.79024
Roko Ukic,MIL,195.58,86.18248
Romeo Langford,SAS,195.58,97.975872
Ron Baker,WAS,193.04,99.79024
Ron Harper,LAL,198.12,97.52228
Ron Harper Jr.,TOR,195.58,111.13004
Ron Mercer,NJN,200.66,97.52228
Ronald Dupree,TOR,200.66,94.800728
Rondae Hollis-Jefferson,POR,198.12,98.429464
Ronnie Brewer,CHI,200.66,106.59412
Ronnie Price,PHX,187.96,86.18248
Ronny Turiaf,MIN,208.28,112.944408
Rony Seikaly,NJN,210.82,114.758776
Roshown McLeod,PHI,203.2,100.243832
Roy Hibbert,DEN,218.44,122.46984
Roy Rogers,DEN,208.28,106.59412
Royal Ivey,OKC,193.04,90.7184
Royce O'Neale,BKN,198.12,102.511792
Royce White,SAC,203.2,117.93392
Ruben Boumtje-Boumtje,POR,213.36,116.573144
Ruben Garces,GSW,205.74,111.13004
Ruben Nembhard,POR,190.5,94.347136
Ruben Patterson,LAC,195.58,101.151016
Ruben Wolkowyski,BOS,208.28,124.7378
Rudy Fernandez,DEN,198.12,83.91452
Rudy Gay,UTA,203.2,113.398
Rudy Gobert,MIN,215.9,117.026736
Rui Hachimura,LAL,203.2,104.32616
Rumeal Robinson,POR,187.96,88.45044
Russ Smith,MEM,182.88,74.84268
Russell Westbrook,LAC,190.5,90.7184
Rusty LaRue,GSW,190.5,83.91452
Ryan Anderson,HOU,205.74,108.86208
Ryan Arcidiacono,POR,190.5,88.45044
Ryan Bowen,OKC,205.74,98.883056
Ryan Broekhoff,PHI,198.12,97.52228
Ryan Gomes,OKC,200.66,111.13004
Ryan Hollins,MEM,213.36,108.86208
Ryan Humphrey,MEM,203.2,106.59412
Ryan Kelly,ATL,210.82,104.32616
Ryan Reid,OKC,203.2,106.59412
Ryan Robertson,SAC,195.58,86.18248
Ryan Rollins,GSW,190.5,81.64656
Ryan Stack,CLE,210.82,97.52228
Saben Lee,PHX,187.96,83.007336
Saddiq Bey,ATL,200.66,97.52228
Salah Mejri,DAL,218.44,106.59412
Salim Stoudamire,ATL,185.42,79.3786
Sam Cassell,BOS,190.5,83.91452
Sam Dekker,TOR,203.2,99.336648
Sam Hauser,BOS,200.66,98.429464
Sam Jacobson,MIN,193.04,97.52228
Sam Mack,MIA,200.66,99.79024
Sam Merrill,CLE,193.04,92.98636
Sam Mitchell,MIN,200.66,97.52228
Sam Perkins,IND,205.74,117.93392
Sam Young,IND,198.12,102.0582
Samaki Walker,IND,205.74,117.93392
Samardo Samuels,CLE,205.74,117.93392
Samuel Dalembert,NYK,210.82,115.66596
Sandro Mamukelashvili,SAS,208.28,108.86208
Santi Aldama,MEM,213.36,97.52228
Sarunas Jasikevicius,GSW,193.04,89.357624
Sarunas Marciulionis,DEN,195.58,90.7184
Sasha Danilovic,DAL,198.12,90.7184
Sasha Kaun,CLE,210.82,117.93392
Sasha Pavlovic,POR,200.66,106.59412
Sasha Vujacic,NYK,200.66,88.45044
Scot Pollard,BOS,210.82,126.098576
Scott Brooks,CLE,180.34,74.84268
Scott Burrell,CHH,200.66,98.883056
Scott Machado,LAL,185.42,92.98636
Scott Padgett,MEM,205.74,108.86208
Scott Williams,CLE,208.28,117.93392
Scottie Barnes,TOR,203.2,102.0582
Scottie Lewis,CHA,195.58,83.91452
Scottie Pippen,CHI,203.2,103.418976
Scotty Hopson,OKC,200.66,92.532768
Scotty Pippen Jr.,LAL,185.42,77.11064
Sean Colson,HOU,182.88,79.3786
Sean Elliott,SAS,203.2,99.79024
Sean Higgins,POR,205.74,92.98636
Sean Kilpatrick,CHI,193.04,96.161504
Sean Lampley,GSW,198.12,96.615096
Sean Marks,POR,208.28,113.398
Sean May,SAC,205.74,120.655472
Sean McDermott,MEM,198.12,88.45044
Sean Rooks,ORL,208.28,117.93392
Sean Singletary,CHA,182.88,83.91452
Sean Williams,BOS,208.28,106.59412
Sebastian Telfair,OKC,182.88,77.11064
Sedale Threatt,HOU,187.96,83.91452
Sekou Doumbouya,LAL,205.74,104.32616
Semaj Christon,OKC,190.5,86.18248
Semi Ojeleye,LAC,198.12,108.86208
Semih Erden,CLE,213.36,108.86208
Serge Ibaka,MIL,210.82,106.59412
Sergei Monia,SAC,203.2,99.79024
Sergey Karasev,BKN,200.66,94.347136
Sergio Rodriguez,PHI,190.5,79.83219199999998
Seth Curry,BKN,185.42,83.91452
Shabazz Muhammad,MIL,198.12,100.243832
Shabazz Napier,WAS,182.88,79.3786
Shaedon Sharpe,POR,195.58,90.7184
Shai Gilgeous-Alexander,OKC,198.12,88.45044
Shake Milton,PHI,195.58,92.98636
Shammond Williams,LAL,185.42,91.171992
Shamorie Ponds,TOR,182.88,79.3786
Shandon Anderson,MIA,198.12,97.52228
Shane Battier,MIA,203.2,99.79024
Shane Edwards,CLE,200.66,99.79024
Shane Heal,SAS,182.88,81.64656
Shane Larkin,BOS,180.34,79.3786
Shannon Brown,MIA,190.5,97.52228
Shaq Buchanan,MEM,190.5,86.18248
Shaquille Harrison,LAL,193.04,88.45044
Shaquille O'Neal,BOS,215.9,147.4174
Shareef Abdur-Rahim,SAC,205.74,111.13004
Sharife Cooper,ATL,185.42,79.83219199999998
Sharone Wright,TOR,210.82,117.93392
Sharrod Ford,PHX,205.74,106.59412
Shaun Livingston,GSW,200.66,87.089664
Shavlik Randolph,PHX,208.28,107.047712
Shawn Bradley,DAL,228.6,124.7378
Shawn Kemp,ORL,208.28,127.00576
Shawn Long,PHI,205.74,115.66596
Shawn Marion,CLE,200.66,103.418976
Shawn Respert,PHX,185.42,88.45044
Shawne Williams,DET,208.28,104.32616
Shawnelle Scott,DEN,208.28,113.398
Shayne Whittington,IND,210.82,113.398
Shea Seals,LAL,195.58,95.25432
Shelden Williams,NJN,205.74,113.398
Sheldon Mac,WAS,198.12,90.7184
Shelvin Mack,CHA,190.5,92.079176
Sherman Douglas,NJN,182.88,81.64656
Sherron Collins,CHA,180.34,92.98636
Sim Bhullar,SAC,226.06,163.29312
Simone Fontecchio,UTA,200.66,94.800728
Sindarius Thornwell,ORL,193.04,97.52228
Skal Labissiere,ATL,208.28,106.59412
Skylar Mays,POR,193.04,92.98636
Slava Medvedenko,ATL,208.28,114.758776
Slavko Vranes,POR,226.06,124.7378
Smush Parker,LAC,193.04,86.18248
Solomon Alabi,TOR,215.9,114.305184
Solomon Hill,ATL,198.12,102.511792
Solomon Jones,ORL,208.28,106.59412
Sonny Weems,PHX,198.12,92.98636
Soumaila Samake,LAL,208.28,108.86208
Speedy Claxton,ATL,180.34,77.11064
Spencer Dinwiddie,BKN,195.58,97.52228
Spencer Hawes,MIL,215.9,111.13004
Spud Webb,ORL,167.64,60.327736
Stacey Augmon,ORL,203.2,96.615096
Stacey King,DAL,210.82,113.398
Stanley Johnson,SAS,198.12,109.769264
Stanley Roberts,PHI,213.36,131.54168
Stanley Umude,DET,198.12,95.25432
Stanton Kidd,UTA,198.12,97.975872
Stephane Lasme,MIA,203.2,97.52228
Stephen Curry,GSW,187.96,83.91452
Stephen Graham,NJN,198.12,97.52228
Stephen Howard,SEA,205.74,102.0582
Stephen Jackson,LAC,203.2,99.79024
Stephen Zimmerman,ORL,213.36,108.86208
Stephon Marbury,BOS,187.96,92.98636
Sterling Brown,LAL,195.58,99.336648
Steve Blake,DET,190.5,78.017824
Steve Francis,HOU,190.5,95.25432
Steve Goodrich,NJN,208.28,99.79024
Steve Hamer,BOS,213.36,111.13004
Steve Henson,DET,180.34,80.28578399999998
Steve Kerr,SAS,185.42,81.64656
Steve Nash,LAL,190.5,80.73937600000001
Steve Novak,MIL,208.28,102.0582
Steve Scheffler,SEA,205.74,113.398
Steven Adams,MEM,210.82,120.20188
Steven Hill,OKC,213.36,111.13004
Steven Hunter,MEM,213.36,108.86208
Steven Smith,PHI,205.74,113.398
Stevin Smith,DAL,187.96,94.347136
Stojko Vrankovic,LAC,218.44,117.93392
Stromile Swift,PHX,208.28,99.79024
Sun Sun,LAL,205.74,92.98636
Sundiata Gaines,NJN,185.42,90.7184
Svi Mykhailiuk,CHA,200.66,92.98636
T.J. Ford,SAS,182.88,74.84268
T.J. Leaf,POR,208.28,100.697424
T.J. McConnell,IND,185.42,86.18248
T.J. Warren,PHX,203.2,99.79024
TJ Leaf,IND,208.28,102.0582
TJ Warren,PHX,203.2,102.0582
Tacko Fall,CLE,228.6,141.067112
Tahjere McCall,BKN,195.58,86.18248
Taj Gibson,WAS,205.74,105.233344
Talen Horton-Tucker,UTA,193.04,106.140528
Tamar Slay,CHA,203.2,99.79024
Tang Hamilton,MIA,203.2,99.79024
Tarence Kinsey,CLE,198.12,85.728888
Tari Eason,HOU,203.2,97.52228
Tarik Black,HOU,205.74,113.398
Tariq Abdul-Wahad,DAL,198.12,102.0582
Tariq Owens,PHX,208.28,92.98636
Taurean Green,DEN,182.88,80.28578399999998
Taurean Prince,MIN,198.12,98.883056
Taylor Griffin,PHX,200.66,107.954896
Tayshaun Prince,MIN,205.74,96.161504
Terance Mann,LAC,195.58,97.52228
Terence Davis,SAC,193.04,91.171992
Terence Morris,ORL,205.74,100.243832
Terrance Ferguson,PHI,198.12,86.18248
Terrance Roberson,CHH,200.66,97.52228
Terrel Harris,NOH,193.04,86.18248
Terrell Brandon,MIN,180.34,78.471416
Terrence Jones,HOU,205.74,114.305184
Terrence Ross,PHX,200.66,93.439952
Terrence Williams,BOS,198.12,99.79024
Terry Cummings,GSW,205.74,99.79024
Terry Davis,DEN,208.28,122.46984
Terry Dehere,VAN,193.04,86.18248
Terry Mills,IND,208.28,104.32616
Terry Porter,SAS,190.5,92.98636
Terry Rozier,CHA,185.42,86.18248
Terry Taylor,CHI,193.04,104.32616
Thabo Sefolosha,HOU,198.12,97.52228
Thaddeus Young,TOR,203.2,106.59412
Thanasis Antetokounmpo,MIL,200.66,99.336648
Theo Maledon,CHA,195.58,79.3786
Theo Pinson,DAL,200.66,96.161504
Theo Ratliff,LAL,208.28,106.59412
Theron Smith,CHA,203.2,102.0582
Thomas Bryant,DEN,208.28,112.490816
Thomas Gardner,ATL,195.58,102.0582
Thomas Hamilton,HOU,218.44,149.68536
Thomas Robinson,LAL,208.28,107.501304
Thomas Welsh,DEN,213.36,115.66596
Thon Maker,CLE,213.36,100.243832
Thurl Bailey,UTA,210.82,112.037224
Tiago Splitter,PHI,210.82,111.13004
Tibor Pleiss,UTA,220.98,116.119552
Tierre Brown,LAL,187.96,85.728888
Tim Breaux,MIL,200.66,97.52228
Tim Duncan,SAS,210.82,113.398
Tim Frazier,CLE,182.88,77.11064
Tim Hardaway,IND,182.88,88.45044
Tim Hardaway Jr.,DAL,195.58,92.98636
Tim James,PHI,200.66,96.161504
Tim Kempton,TOR,208.28,111.13004
Tim Legler,GSW,193.04,90.7184
Tim Ohlbrecht,HOU,210.82,115.66596
Tim Quarterman,HOU,198.12,86.18248
Tim Thomas,DAL,208.28,108.86208
Tim Young,GSW,218.44,122.46984
Timofey Mozgov,BKN,215.9,124.7378
Timothe Luwawu-Cabarrot,ATL,200.66,97.52228
Tito Maddox,HOU,193.04,86.18248
Tobias Harris,PHI,200.66,102.511792
Toby Bailey,PHX,198.12,96.615096
Todd Day,MIN,198.12,85.275296
Todd Fuller,MIA,210.82,115.66596
Todd MacCulloch,PHI,213.36,115.66596
Tom Chambers,PHI,208.28,99.79024
Tom Gugliotta,ATL,208.28,113.398
Tom Hammonds,MIN,205.74,97.52228
Tomas Satoransky,WAS,200.66,95.25432
Toney Douglas,MEM,187.96,88.45044
Toni Kukoc,MIL,210.82,106.59412
Tony Allen,NOP,193.04,96.615096
Tony Battie,PHI,210.82,108.86208
Tony Bobbitt,LAL,193.04,86.18248
Tony Bradley,CHI,210.82,112.490816
Tony Delk,DET,187.96,85.728888
Tony Dumas,CLE,198.12,86.18248
Tony Farmer,GSW,205.74,110.676448
Tony Massenburg,SAS,205.74,113.398
Tony Mitchell,DET,203.2,106.59412
Tony Parker,CHA,187.96,83.91452
Tony Smith,ATL,190.5,83.91452
Tony Snell,NOP,198.12,96.615096
Tony Wroten,NYK,198.12,92.98636
Tornike Shengelia,CHI,205.74,99.79024
Torraye Braggs,HOU,203.2,111.13004
Torrey Craig,PHX,200.66,100.243832
Toure' Murry,UTA,195.58,88.45044
Tracy McGrady,ATL,203.2,102.0582
Tracy Moore,HOU,193.04,90.7184
Tracy Murray,POR,200.66,104.32616
Trae Young,ATL,185.42,74.389088
Trajan Langdon,CLE,190.5,89.357624
Travis Best,NJN,180.34,82.553744
Travis Diener,POR,185.42,79.3786
Travis Hansen,ATL,198.12,92.98636
Travis Knight,NYK,213.36,106.59412
Travis Leslie,LAC,193.04,92.98636
Travis Outlaw,SAC,205.74,93.893544
Travis Wear,LAL,208.28,102.0582
Travis Williams,CHH,198.12,97.52228
Trayvon Palmer,DET,198.12,90.7184
Tre Jones,SAS,185.42,83.91452
Tre Mann,OKC,190.5,80.73937600000001
Tremaine Fowlkes,IND,203.2,99.79024
Tremont Waters,WAS,177.8,79.3786
Trendon Watford,POR,203.2,107.501304
Trent Forrest,ATL,193.04,95.25432
Trenton Hassell,NJN,195.58,102.965384
Trevelin Queen,IND,198.12,86.18248
Treveon Graham,ATL,195.58,99.336648
Trevon Duval,HOU,187.96,85.728888
Trevon Scott,CLE,203.2,102.0582
Trevor Ariza,LAL,203.2,97.52228
Trevor Booker,IND,203.2,103.418976
Trevor Hudgins,HOU,182.88,81.64656
Trevor Keels,NYK,193.04,100.243832
Trevor Winter,MIN,213.36,124.7378
Trey Burke,DAL,182.88,83.91452
Trey Gilder,MEM,205.74,92.98636
Trey Johnson,NOH,195.58,97.52228
Trey Lyles,SAC,205.74,106.140528
Trey McKinney-Jones,IND,195.58,99.79024
Trey Murphy III,NOP,203.2,93.439952
Trey Thompkins,LAC,208.28,111.13004
Tristan Thompson,CHI,205.74,115.212368
Troy Bell,MEM,185.42,81.64656
Troy Brown Jr.,LAL,200.66,97.52228
Troy Caupain,ORL,193.04,95.25432
Troy Daniels,DEN,193.04,90.7184
Troy Hudson,GSW,185.42,80.73937600000001
Troy Murphy,DAL,210.82,111.13004
Troy Williams,SAC,200.66,98.883056
Ty Jerome,GSW,195.58,88.45044
Ty Lawson,SAC,180.34,88.45044
Ty-Shon Alexander,PHX,190.5,88.45044
TyTy Washington Jr.,HOU,190.5,88.45044
Tyler Bey,DAL,200.66,97.52228
Tyler Cavanaugh,UTA,205.74,107.954896
Tyler Cook,CHI,203.2,115.66596
Tyler Davis,OKC,208.28,120.655472
Tyler Dorsey,DAL,193.04,81.64656
Tyler Ennis,LAL,190.5,87.996848
Tyler Hall,NYK,195.58,94.800728
Tyler Hansbrough,CHA,205.74,113.398
Tyler Herro,MIA,195.58,88.45044
Tyler Honeycutt,SAC,203.2,85.275296
Tyler Johnson,SAS,190.5,84.368112
Tyler Lydon,DEN,208.28,102.0582
Tyler Ulis,CHI,177.8,72.57472
Tyler Zeller,SAS,210.82,113.398
Tyreke Evans,IND,198.12,99.79024
Tyrell Terry,MEM,187.96,72.57472
Tyrese Haliburton,IND,195.58,83.91452
Tyrese Martin,ATL,198.12,97.52228
Tyrese Maxey,PHI,187.96,90.7184
Tyrone Corbin,TOR,198.12,95.25432
Tyrone Hill,MIA,205.74,113.398
Tyrone Nesby,WAS,198.12,111.13004
Tyrone Wallace,NOP,195.58,89.811216
Tyronn Lue,ORL,182.88,79.3786
Tyrus Thomas,MEM,208.28,102.0582
Tyshawn Taylor,BKN,190.5,83.91452
Tyson Chandler,HOU,213.36,106.59412
Tyson Wheeler,DEN,177.8,74.84268
Tyus Edney,IND,177.8,75.296272
Tyus Jones,MEM,187.96,88.904032
Udoka Azubuike,UTA,210.82,122.46984
Udonis Haslem,MIA,200.66,106.59412
Uros Slokar,TOR,208.28,107.954896
Usman Garuba,HOU,203.2,103.872568
Vander Blue,LAL,195.58,90.7184
Vassilis Spanoulis,HOU,193.04,88.45044
Vernon Carey Jr.,UTA,208.28,122.46984
Vernon Macklin,DET,208.28,102.965384
Vernon Maxwell,DAL,193.04,86.18248
Viacheslav Kravtsov,PHX,210.82,115.212368
Vic Law,ORL,200.66,91.171992
Victor Alexander,DET,208.28,120.20188
Victor Claver,POR,205.74,101.604608
Victor Oladipo,MIA,190.5,96.615096
Viktor Khryapa,CHI,205.74,98.883056
Vin Baker,LAC,210.82,108.86208
Vince Carter,ATL,198.12,99.79024
Vince Williams Jr.,MEM,193.04,92.98636
Vincent Askew,POR,198.12,95.25432
Vincent Edwards,HOU,203.2,102.0582
Vincent Hunter,MEM,203.2,94.347136
Vincent Poirier,PHI,213.36,106.59412
Vincent Yarbrough,DEN,200.66,95.25432
Vinny Del Negro,PHX,193.04,83.91452
Vit Krejci,ATL,203.2,88.45044
Vitaly Potapenko,SAC,208.28,129.27372
Vitor Faverani,BOS,210.82,117.93392
Vlade Divac,LAL,215.9,117.93392
Vladimir Radmanovic,CHI,208.28,106.59412
Vladimir Stepania,POR,215.9,115.66596
Vlatko Cancar,DEN,203.2,107.047712
Von Wafer,ORL,195.58,94.800728
Vonteego Cummings,PHI,190.5,86.18248
Voshon Lenard,POR,193.04,97.52228
Wade Baldwin IV,POR,193.04,90.7184
Walker Kessler,UTA,213.36,111.13004
Walker Russell,DET,182.88,77.11064
Wally Szczerbiak,CLE,200.66,108.86208
Walt Lemon Jr.,CHI,190.5,81.64656
Walt Williams,DAL,203.2,104.32616
Walter Herrmann,DET,205.74,102.0582
Walter McCarty,LAC,208.28,111.13004
Walter Sharpe,DET,205.74,111.13004
Wang Zhi-zhi,MIA,215.9,128.820128
Wayman Tisdale,PHX,205.74,117.93392
Wayne Ellington,LAL,193.04,93.893544
Wayne Selden,NYK,193.04,105.233344
Wayne Simien,MIA,205.74,113.398
Wayne Turner,BOS,187.96,86.18248
Wendell Carter Jr.,ORL,208.28,122.46984
Wendell Moore Jr.,MIN,195.58,97.52228
Wenyen Gabriel,LAL,205.74,92.98636
Wes Iwundu,ATL,198.12,88.45044
Wesley Johnson,WAS,200.66,97.52228
Wesley Matthews,MIL,195.58,99.79024
Wesley Person,DEN,198.12,90.7184
Will Barton,TOR,195.58,82.10015200000001
Will Blalock,DET,182.88,92.98636
Will Bynum,WAS,182.88,83.91452
Will Cherry,TOR,183.0,83.0
Will Conroy,MIN,187.96,88.45044
Will Magnay,NOP,208.28,106.140528
Will Perdue,POR,213.36,108.86208
Will Solomon,SAC,185.42,83.91452
William Avery,MIN,187.96,89.357624
William Cunningham,NJN,210.82,108.86208
William Howard,HOU,203.2,93.893544
Willie Anderson,MIA,203.2,90.7184
Willie Burton,CHH,203.2,95.25432
Willie Cauley-Stein,PHI,213.36,108.86208
Willie Green,ORL,190.5,92.98636
Willie Reed,LAC,210.82,111.13004
Willie Warren,LAC,193.04,92.079176
Willy Hernangomez,NOP,210.82,113.398
Wilson Chandler,BKN,203.2,106.59412
Xavier Cooks,WAS,203.2,83.007336
Xavier Henry,LAL,198.12,99.79024
Xavier McDaniel,NJN,200.66,92.98636
Xavier Moon,LAC,182.88,74.84268
Xavier Munford,MIL,193.04,78.471416
Xavier Rathan-Mayes,NYK,193.04,94.347136
Xavier Silas,BOS,195.58,92.98636
Xavier Sneed,CHA,195.58,97.52228
Xavier Tillman,MEM,200.66,111.13004
Xavier Tillman Sr.,MEM,203.2,111.13004
Yakhouba Diawara,MIA,200.66,102.0582
Yante Maten,MIA,203.2,108.86208
Yao Ming,HOU,228.6,140.61352
Yaroslav Korolev,LAC,205.74,92.079176
Yi Jianlian,DAL,213.36,113.398
Yinka Dare,NJN,213.36,120.20188
Yogi Ferrell,LAC,182.88,80.73937600000001
Yuta Tabuse,PHX,175.26,74.84268
Yuta Watanabe,BKN,203.2,97.52228
Yves Pons,MEM,195.58,93.439952
Zabian Dowdell,PHX,190.5,86.636072
Zach Collins,SAS,210.82,113.398
Zach LaVine,CHI,195.58,90.7184
Zach Lofton,DET,193.04,81.64656
Zach Norvell Jr.,GSW,195.58,92.98636
Zach Randolph,SAC,205.74,113.398
Zan Tabak,IND,213.36,116.573144
Zarko Cabarkapa,GSW,210.82,104.32616
Zavier Simpson,OKC,182.88,86.18248
Zaza Pachulia,DET,210.82,122.46984
Zeke Nnaji,DEN,205.74,108.86208
Zeljko Rebraca,LAC,213.36,120.20188
Zendon Hamilton,PHI,210.82,115.212368
Zhaire Smith,PHI,190.5,92.98636
Zhou Qi,HOU,215.9,95.25432
Ziaire Williams,MEM,205.74,83.91452
Zion Williamson,NOP,198.12,128.820128
Zoran Dragic,MIA,195.58,90.7184
Zoran Planinic,NJN,200.66,90.7184
Zydrunas Ilgauskas,MIA,220.98,117.93392
Zylan Cheatham,UTA,195.58,99.79024
