PLAYER_NAME,LOC_X,LOC_Y,SHOT_MADE_FLAG,SHOT_TYPE,SHOT_DISTANCE,TEAM_NAME,SEASON
LeBron James,122,149,1,2PT Field Goal,19,Miami Heat,2012-13 Season
LeBron James,-60,165,0,2PT Field Goal,17,Miami Heat,2012-13 Season
LeBron James,-71,17,1,2PT Field Goal,7,Miami Heat,2012-13 Season
LeBron James,-8,9,0,2PT Field Goal,1,Miami Heat,2012-13 Season
LeBron James,-75,165,1,2PT Field Goal,18,Miami Heat,2012-13 Season
LeBron James,0,9,1,2PT Field Goal,0,Miami Heat,2012-13 Season
LeBron James,-86,26,0,2PT Field Goal,8,Miami Heat,2012-13 Season
LeBron James,-13,115,1,2PT Field Goal,11,Miami Heat,2012-13 Season
LeBron James,-27,26,0,2PT Field Goal,3,Miami Heat,2012-13 Season
LeBron James,12,11,1,2PT Field Goal,1,Miami Heat,2012-13 Season
LeBron James,-191,159,1,3PT Field Goal,24,Miami Heat,2012-13 Season
LeBron James,237,39,0,3PT Field Goal,24,Miami Heat,2012-13 Season
LeBron James,114,225,1,3PT Field Goal,25,Miami Heat,2012-13 Season
LeBron James,81,208,1,2PT Field Goal,22,Miami Heat,2012-13 Season
LeBron James,-152,162,1,2PT Field Goal,22,Miami Heat,2012-13 Season
LeBron James,-210,134,0,3PT Field Goal,24,Miami Heat,2012-13 Season
LeBron James,-22,6,1,2PT Field Goal,2,Miami Heat,2012-13 Season
LeBron James,11,10,1,2PT Field Goal,1,Miami Heat,2012-13 Season
LeBron James,-162,37,0,2PT Field Goal,16,Miami Heat,2012-13 Season
LeBron James,-125,150,0,2PT Field Goal,19,Miami Heat,2012-13 Season
LeBron James,-28,40,0,2PT Field Goal,4,Miami Heat,2012-13 Season
LeBron James,71,234,1,3PT Field Goal,24,Miami Heat,2012-13 Season
LeBron James,-14,53,1,2PT Field Goal,5,Miami Heat,2012-13 Season
LeBron James,-118,98,1,2PT Field Goal,15,Miami Heat,2012-13 Season
LeBron James,151,23,0,2PT Field Goal,15,Miami Heat,2012-13 Season
LeBron James,-19,1,1,2PT Field Goal,1,Miami Heat,2012-13 Season
LeBron James,11,39,0,2PT Field Goal,4,Miami Heat,2012-13 Season
LeBron James,63,53,0,2PT Field Goal,8,Miami Heat,2012-13 Season
LeBron James,-28,12,1,2PT Field Goal,3,Miami Heat,2012-13 Season
LeBron James,152,20,0,2PT Field Goal,15,Miami Heat,2012-13 Season
LeBron James,236,45,1,3PT Field Goal,24,Miami Heat,2012-13 Season
LeBron James,211,124,0,3PT Field Goal,24,Miami Heat,2012-13 Season
LeBron James,-10,12,1,2PT Field Goal,1,Miami Heat,2012-13 Season
LeBron James,77,186,0,2PT Field Goal,20,Miami Heat,2012-13 Season
LeBron James,84,146,0,2PT Field Goal,16,Miami Heat,2012-13 Season
LeBron James,174,52,1,2PT Field Goal,18,Miami Heat,2012-13 Season
LeBron James,12,4,1,2PT Field Goal,1,Miami Heat,2012-13 Season
LeBron James,-109,135,0,2PT Field Goal,17,Miami Heat,2012-13 Season
LeBron James,-73,91,1,2PT Field Goal,11,Miami Heat,2012-13 Season
LeBron James,8,-1,0,2PT Field Goal,0,Miami Heat,2012-13 Season
LeBron James,7,4,1,2PT Field Goal,0,Miami Heat,2012-13 Season
LeBron James,225,4,0,3PT Field Goal,22,Miami Heat,2012-13 Season
LeBron James,140,142,1,2PT Field Goal,19,Miami Heat,2012-13 Season
LeBron James,4,11,0,2PT Field Goal,1,Miami Heat,2012-13 Season
LeBron James,184,78,0,2PT Field Goal,19,Miami Heat,2012-13 Season
LeBron James,80,153,0,2PT Field Goal,17,Miami Heat,2012-13 Season
LeBron James,20,33,1,2PT Field Goal,3,Miami Heat,2012-13 Season
LeBron James,-11,17,1,2PT Field Goal,2,Miami Heat,2012-13 Season
LeBron James,-76,142,0,2PT Field Goal,16,Miami Heat,2012-13 Season
LeBron James,18,6,0,2PT Field Goal,1,Miami Heat,2012-13 Season
LeBron James,-13,7,1,2PT Field Goal,1,Miami Heat,2012-13 Season
LeBron James,-19,12,1,2PT Field Goal,2,Miami Heat,2012-13 Season
LeBron James,-10,11,1,2PT Field Goal,1,Miami Heat,2012-13 Season
LeBron James,-15,12,1,2PT Field Goal,1,Miami Heat,2012-13 Season
LeBron James,-11,67,1,2PT Field Goal,6,Miami Heat,2012-13 Season
LeBron James,21,124,0,2PT Field Goal,12,Miami Heat,2012-13 Season
LeBron James,-103,112,0,2PT Field Goal,15,Miami Heat,2012-13 Season
LeBron James,-169,142,0,2PT Field Goal,22,Miami Heat,2012-13 Season
LeBron James,4,7,1,2PT Field Goal,0,Miami Heat,2012-13 Season
LeBron James,-111,55,0,2PT Field Goal,12,Miami Heat,2012-13 Season
LeBron James,69,239,1,3PT Field Goal,24,Miami Heat,2012-13 Season
LeBron James,9,1,1,2PT Field Goal,0,Miami Heat,2012-13 Season
LeBron James,-5,14,1,2PT Field Goal,1,Miami Heat,2012-13 Season
LeBron James,-68,178,0,2PT Field Goal,19,Miami Heat,2012-13 Season
LeBron James,231,7,1,3PT Field Goal,23,Miami Heat,2012-13 Season
LeBron James,-183,192,0,3PT Field Goal,26,Miami Heat,2012-13 Season
LeBron James,-4,9,1,2PT Field Goal,0,Miami Heat,2012-13 Season
LeBron James,-8,11,1,2PT Field Goal,1,Miami Heat,2012-13 Season
LeBron James,230,9,1,3PT Field Goal,23,Miami Heat,2012-13 Season
LeBron James,21,8,0,2PT Field Goal,2,Miami Heat,2012-13 Season
LeBron James,-223,124,0,3PT Field Goal,25,Miami Heat,2012-13 Season
LeBron James,-2,9,1,2PT Field Goal,0,Miami Heat,2012-13 Season
LeBron James,43,112,0,2PT Field Goal,11,Miami Heat,2012-13 Season
LeBron James,-103,74,1,2PT Field Goal,12,Miami Heat,2012-13 Season
LeBron James,4,12,0,2PT Field Goal,1,Miami Heat,2012-13 Season
LeBron James,2,12,1,2PT Field Goal,1,Miami Heat,2012-13 Season
LeBron James,-158,1,0,2PT Field Goal,15,Miami Heat,2012-13 Season
LeBron James,-223,108,1,3PT Field Goal,24,Miami Heat,2012-13 Season
LeBron James,0,9,1,2PT Field Goal,0,Miami Heat,2012-13 Season
LeBron James,34,213,1,2PT Field Goal,21,Miami Heat,2012-13 Season
LeBron James,6,3,1,2PT Field Goal,0,Miami Heat,2012-13 Season
LeBron James,20,4,1,2PT Field Goal,2,Miami Heat,2012-13 Season
LeBron James,2,301,0,3PT Field Goal,30,Miami Heat,2012-13 Season
LeBron James,13,3,0,2PT Field Goal,1,Miami Heat,2012-13 Season
LeBron James,105,45,0,2PT Field Goal,11,Miami Heat,2012-13 Season
LeBron James,-87,45,1,2PT Field Goal,9,Miami Heat,2012-13 Season
LeBron James,189,60,1,2PT Field Goal,19,Miami Heat,2012-13 Season
LeBron James,185,20,0,2PT Field Goal,18,Miami Heat,2012-13 Season
LeBron James,29,12,1,2PT Field Goal,3,Miami Heat,2012-13 Season
LeBron James,7,3,1,2PT Field Goal,0,Miami Heat,2012-13 Season
LeBron James,-8,194,0,2PT Field Goal,19,Miami Heat,2012-13 Season
LeBron James,69,255,0,3PT Field Goal,26,Miami Heat,2012-13 Season
LeBron James,26,0,1,2PT Field Goal,2,Miami Heat,2012-13 Season
LeBron James,13,189,0,2PT Field Goal,18,Miami Heat,2012-13 Season
LeBron James,-90,173,1,2PT Field Goal,19,Miami Heat,2012-13 Season
LeBron James,149,4,0,2PT Field Goal,14,Miami Heat,2012-13 Season
LeBron James,0,-5,1,2PT Field Goal,0,Miami Heat,2012-13 Season
LeBron James,0,-2,1,2PT Field Goal,0,Miami Heat,2012-13 Season
LeBron James,-19,11,0,2PT Field Goal,2,Miami Heat,2012-13 Season
LeBron James,47,25,0,2PT Field Goal,5,Miami Heat,2012-13 Season
LeBron James,-2,1,1,2PT Field Goal,0,Miami Heat,2012-13 Season
LeBron James,40,23,1,2PT Field Goal,4,Miami Heat,2012-13 Season
LeBron James,-136,146,1,2PT Field Goal,19,Miami Heat,2012-13 Season
LeBron James,-153,110,1,2PT Field Goal,18,Miami Heat,2012-13 Season
LeBron James,-11,6,1,2PT Field Goal,1,Miami Heat,2012-13 Season
LeBron James,-144,124,0,2PT Field Goal,19,Miami Heat,2012-13 Season
LeBron James,-11,0,1,2PT Field Goal,1,Miami Heat,2012-13 Season
LeBron James,-155,205,0,3PT Field Goal,25,Miami Heat,2012-13 Season
LeBron James,47,36,0,2PT Field Goal,5,Miami Heat,2012-13 Season
LeBron James,0,6,1,2PT Field Goal,0,Miami Heat,2012-13 Season
LeBron James,-51,19,0,2PT Field Goal,5,Miami Heat,2012-13 Season
LeBron James,0,47,0,2PT Field Goal,4,Miami Heat,2012-13 Season
LeBron James,0,4,1,2PT Field Goal,0,Miami Heat,2012-13 Season
LeBron James,70,208,0,2PT Field Goal,21,Miami Heat,2012-13 Season
LeBron James,15,4,1,2PT Field Goal,1,Miami Heat,2012-13 Season
LeBron James,230,37,0,3PT Field Goal,23,Miami Heat,2012-13 Season
LeBron James,-125,20,0,2PT Field Goal,12,Miami Heat,2012-13 Season
LeBron James,6,195,0,2PT Field Goal,19,Miami Heat,2012-13 Season
LeBron James,4,15,1,2PT Field Goal,1,Miami Heat,2012-13 Season
LeBron James,36,23,0,2PT Field Goal,4,Miami Heat,2012-13 Season
LeBron James,132,44,0,2PT Field Goal,13,Miami Heat,2012-13 Season
LeBron James,-100,89,1,2PT Field Goal,13,Miami Heat,2012-13 Season
LeBron James,2,14,1,2PT Field Goal,1,Miami Heat,2012-13 Season
LeBron James,122,17,0,2PT Field Goal,12,Miami Heat,2012-13 Season
LeBron James,226,0,1,3PT Field Goal,22,Miami Heat,2012-13 Season
LeBron James,-193,159,1,3PT Field Goal,25,Miami Heat,2012-13 Season
LeBron James,130,213,0,3PT Field Goal,24,Miami Heat,2012-13 Season
LeBron James,20,192,1,2PT Field Goal,19,Miami Heat,2012-13 Season
LeBron James,-142,9,0,2PT Field Goal,14,Miami Heat,2012-13 Season
LeBron James,73,203,1,2PT Field Goal,21,Miami Heat,2012-13 Season
LeBron James,-138,116,0,2PT Field Goal,18,Miami Heat,2012-13 Season
LeBron James,121,140,1,2PT Field Goal,18,Miami Heat,2012-13 Season
LeBron James,4,254,0,3PT Field Goal,25,Miami Heat,2012-13 Season
LeBron James,2,26,0,2PT Field Goal,2,Miami Heat,2012-13 Season
LeBron James,48,241,1,3PT Field Goal,24,Miami Heat,2012-13 Season
LeBron James,23,7,1,2PT Field Goal,2,Miami Heat,2012-13 Season
LeBron James,234,6,1,3PT Field Goal,23,Miami Heat,2012-13 Season
LeBron James,29,16,0,2PT Field Goal,3,Miami Heat,2012-13 Season
LeBron James,124,241,1,3PT Field Goal,27,Miami Heat,2012-13 Season
LeBron James,23,0,1,2PT Field Goal,2,Miami Heat,2012-13 Season
LeBron James,-10,20,1,2PT Field Goal,2,Miami Heat,2012-13 Season
LeBron James,91,89,1,2PT Field Goal,12,Miami Heat,2012-13 Season
LeBron James,-95,159,0,2PT Field Goal,18,Miami Heat,2012-13 Season
LeBron James,-5,48,1,2PT Field Goal,4,Miami Heat,2012-13 Season
LeBron James,-8,33,1,2PT Field Goal,3,Miami Heat,2012-13 Season
LeBron James,160,26,0,2PT Field Goal,16,Miami Heat,2012-13 Season
LeBron James,10,23,1,2PT Field Goal,2,Miami Heat,2012-13 Season
LeBron James,2,89,0,2PT Field Goal,8,Miami Heat,2012-13 Season
LeBron James,132,209,0,3PT Field Goal,24,Miami Heat,2012-13 Season
LeBron James,-111,55,0,2PT Field Goal,12,Miami Heat,2012-13 Season
LeBron James,6,26,1,2PT Field Goal,2,Miami Heat,2012-13 Season
LeBron James,18,93,1,2PT Field Goal,9,Miami Heat,2012-13 Season
LeBron James,-150,222,0,3PT Field Goal,26,Miami Heat,2012-13 Season
LeBron James,-164,64,1,2PT Field Goal,17,Miami Heat,2012-13 Season
LeBron James,168,64,0,2PT Field Goal,17,Miami Heat,2012-13 Season
LeBron James,9,33,1,2PT Field Goal,3,Miami Heat,2012-13 Season
LeBron James,9,26,1,2PT Field Goal,2,Miami Heat,2012-13 Season
LeBron James,-106,116,0,2PT Field Goal,15,Miami Heat,2012-13 Season
LeBron James,45,274,0,3PT Field Goal,27,Miami Heat,2012-13 Season
LeBron James,-60,56,1,2PT Field Goal,8,Miami Heat,2012-13 Season
LeBron James,9,86,1,2PT Field Goal,8,Miami Heat,2012-13 Season
LeBron James,-87,33,0,2PT Field Goal,9,Miami Heat,2012-13 Season
LeBron James,20,41,0,2PT Field Goal,4,Miami Heat,2012-13 Season
LeBron James,-24,149,0,2PT Field Goal,15,Miami Heat,2012-13 Season
LeBron James,-19,3,0,2PT Field Goal,1,Miami Heat,2012-13 Season
LeBron James,20,4,0,2PT Field Goal,2,Miami Heat,2012-13 Season
LeBron James,0,3,1,2PT Field Goal,0,Miami Heat,2012-13 Season
LeBron James,0,1,1,2PT Field Goal,0,Miami Heat,2012-13 Season
LeBron James,140,137,1,2PT Field Goal,19,Miami Heat,2012-13 Season
LeBron James,18,1,0,2PT Field Goal,1,Miami Heat,2012-13 Season
LeBron James,29,33,1,2PT Field Goal,4,Miami Heat,2012-13 Season
LeBron James,-103,105,1,2PT Field Goal,14,Miami Heat,2012-13 Season
LeBron James,173,55,0,2PT Field Goal,18,Miami Heat,2012-13 Season
LeBron James,-182,25,0,2PT Field Goal,18,Miami Heat,2012-13 Season
LeBron James,-16,23,0,2PT Field Goal,2,Miami Heat,2012-13 Season
LeBron James,-131,175,0,2PT Field Goal,21,Miami Heat,2012-13 Season
LeBron James,-8,9,1,2PT Field Goal,1,Miami Heat,2012-13 Season
LeBron James,130,173,0,2PT Field Goal,21,Miami Heat,2012-13 Season
LeBron James,2,228,0,2PT Field Goal,22,Miami Heat,2012-13 Season
LeBron James,-10,-2,1,2PT Field Goal,1,Miami Heat,2012-13 Season
LeBron James,62,26,0,2PT Field Goal,6,Miami Heat,2012-13 Season
LeBron James,-188,41,1,2PT Field Goal,19,Miami Heat,2012-13 Season
LeBron James,-18,6,1,2PT Field Goal,1,Miami Heat,2012-13 Season
LeBron James,7,165,1,2PT Field Goal,16,Miami Heat,2012-13 Season
LeBron James,206,165,0,3PT Field Goal,26,Miami Heat,2012-13 Season
LeBron James,-163,-11,1,2PT Field Goal,16,Miami Heat,2012-13 Season
LeBron James,124,162,0,2PT Field Goal,20,Miami Heat,2012-13 Season
LeBron James,-144,69,0,2PT Field Goal,15,Miami Heat,2012-13 Season
LeBron James,100,121,1,2PT Field Goal,15,Miami Heat,2012-13 Season
LeBron James,179,186,0,3PT Field Goal,25,Miami Heat,2012-13 Season
LeBron James,-92,22,0,2PT Field Goal,9,Miami Heat,2012-13 Season
LeBron James,-158,-2,1,2PT Field Goal,15,Miami Heat,2012-13 Season
LeBron James,-49,108,1,2PT Field Goal,11,Miami Heat,2012-13 Season
LeBron James,2,41,0,2PT Field Goal,4,Miami Heat,2012-13 Season
LeBron James,-243,9,0,3PT Field Goal,24,Miami Heat,2012-13 Season
LeBron James,-2,3,1,2PT Field Goal,0,Miami Heat,2012-13 Season
LeBron James,212,152,1,3PT Field Goal,26,Miami Heat,2012-13 Season
LeBron James,-123,0,0,2PT Field Goal,12,Miami Heat,2012-13 Season
LeBron James,-161,19,0,2PT Field Goal,16,Miami Heat,2012-13 Season
LeBron James,130,142,0,2PT Field Goal,19,Miami Heat,2012-13 Season
LeBron James,-105,23,0,2PT Field Goal,10,Miami Heat,2012-13 Season
LeBron James,-2,0,1,2PT Field Goal,0,Miami Heat,2012-13 Season
LeBron James,0,12,1,2PT Field Goal,1,Miami Heat,2012-13 Season
LeBron James,21,-2,0,2PT Field Goal,2,Miami Heat,2012-13 Season
LeBron James,-60,222,0,2PT Field Goal,22,Miami Heat,2012-13 Season
LeBron James,21,6,1,2PT Field Goal,2,Miami Heat,2012-13 Season
LeBron James,95,129,0,2PT Field Goal,16,Miami Heat,2012-13 Season
LeBron James,12,86,1,2PT Field Goal,8,Miami Heat,2012-13 Season
LeBron James,2,11,1,2PT Field Goal,1,Miami Heat,2012-13 Season
LeBron James,59,17,0,2PT Field Goal,6,Miami Heat,2012-13 Season
LeBron James,36,67,0,2PT Field Goal,7,Miami Heat,2012-13 Season
LeBron James,-81,137,1,2PT Field Goal,15,Miami Heat,2012-13 Season
LeBron James,-134,131,1,2PT Field Goal,18,Miami Heat,2012-13 Season
LeBron James,136,112,0,2PT Field Goal,17,Miami Heat,2012-13 Season
LeBron James,91,134,0,2PT Field Goal,16,Miami Heat,2012-13 Season
LeBron James,1,118,0,2PT Field Goal,11,Miami Heat,2012-13 Season
LeBron James,-198,154,1,3PT Field Goal,25,Miami Heat,2012-13 Season
LeBron James,-161,71,0,2PT Field Goal,17,Miami Heat,2012-13 Season
LeBron James,-2,14,1,2PT Field Goal,1,Miami Heat,2012-13 Season
LeBron James,6,3,1,2PT Field Goal,0,Miami Heat,2012-13 Season
LeBron James,228,28,0,3PT Field Goal,22,Miami Heat,2012-13 Season
LeBron James,-60,249,1,3PT Field Goal,25,Miami Heat,2012-13 Season
LeBron James,-2,257,0,3PT Field Goal,25,Miami Heat,2012-13 Season
LeBron James,1,9,1,2PT Field Goal,0,Miami Heat,2012-13 Season
LeBron James,10,1,0,2PT Field Goal,1,Miami Heat,2012-13 Season
LeBron James,-2,9,1,2PT Field Goal,0,Miami Heat,2012-13 Season
LeBron James,-18,6,1,2PT Field Goal,1,Miami Heat,2012-13 Season
LeBron James,-108,121,0,2PT Field Goal,16,Miami Heat,2012-13 Season
LeBron James,-202,151,1,3PT Field Goal,25,Miami Heat,2012-13 Season
LeBron James,179,172,0,3PT Field Goal,24,Miami Heat,2012-13 Season
LeBron James,3,9,1,2PT Field Goal,0,Miami Heat,2012-13 Season
LeBron James,9,17,0,2PT Field Goal,1,Miami Heat,2012-13 Season
LeBron James,7,61,1,2PT Field Goal,6,Miami Heat,2012-13 Season
LeBron James,108,407,0,3PT Field Goal,42,Miami Heat,2012-13 Season
LeBron James,10,1,1,2PT Field Goal,1,Miami Heat,2012-13 Season
LeBron James,31,17,0,2PT Field Goal,3,Miami Heat,2012-13 Season
LeBron James,13,-2,1,2PT Field Goal,1,Miami Heat,2012-13 Season
LeBron James,17,257,0,3PT Field Goal,25,Miami Heat,2012-13 Season
LeBron James,-4,6,1,2PT Field Goal,0,Miami Heat,2012-13 Season
LeBron James,12,211,1,2PT Field Goal,21,Miami Heat,2012-13 Season
LeBron James,-138,162,1,2PT Field Goal,21,Miami Heat,2012-13 Season
LeBron James,110,227,1,3PT Field Goal,25,Miami Heat,2012-13 Season
LeBron James,1,12,1,2PT Field Goal,1,Miami Heat,2012-13 Season
LeBron James,136,206,1,3PT Field Goal,24,Miami Heat,2012-13 Season
LeBron James,-106,118,1,2PT Field Goal,15,Miami Heat,2012-13 Season
LeBron James,-202,149,1,3PT Field Goal,25,Miami Heat,2012-13 Season
LeBron James,7,9,0,2PT Field Goal,1,Miami Heat,2012-13 Season
LeBron James,-62,28,0,2PT Field Goal,6,Miami Heat,2012-13 Season
LeBron James,-70,252,0,3PT Field Goal,26,Miami Heat,2012-13 Season
LeBron James,1,6,1,2PT Field Goal,0,Miami Heat,2012-13 Season
LeBron James,0,115,1,2PT Field Goal,11,Miami Heat,2012-13 Season
LeBron James,-2,12,0,2PT Field Goal,1,Miami Heat,2012-13 Season
LeBron James,-142,121,1,2PT Field Goal,18,Miami Heat,2012-13 Season
LeBron James,121,217,0,3PT Field Goal,24,Miami Heat,2012-13 Season
LeBron James,20,3,1,2PT Field Goal,2,Miami Heat,2012-13 Season
LeBron James,7,86,0,2PT Field Goal,8,Miami Heat,2012-13 Season
LeBron James,17,6,1,2PT Field Goal,1,Miami Heat,2012-13 Season
LeBron James,47,31,1,2PT Field Goal,5,Miami Heat,2012-13 Season
LeBron James,-163,200,0,3PT Field Goal,25,Miami Heat,2012-13 Season
LeBron James,-111,181,0,2PT Field Goal,21,Miami Heat,2012-13 Season
LeBron James,1,12,1,2PT Field Goal,1,Miami Heat,2012-13 Season
LeBron James,12,11,0,2PT Field Goal,1,Miami Heat,2012-13 Season
LeBron James,18,9,0,2PT Field Goal,2,Miami Heat,2012-13 Season
LeBron James,0,14,1,2PT Field Goal,1,Miami Heat,2012-13 Season
LeBron James,51,61,1,2PT Field Goal,7,Miami Heat,2012-13 Season
LeBron James,0,258,0,3PT Field Goal,25,Miami Heat,2012-13 Season
LeBron James,-13,7,1,2PT Field Goal,1,Miami Heat,2012-13 Season
LeBron James,-171,181,1,3PT Field Goal,24,Miami Heat,2012-13 Season
LeBron James,4,80,1,2PT Field Goal,8,Miami Heat,2012-13 Season
LeBron James,-2,9,1,2PT Field Goal,0,Miami Heat,2012-13 Season
LeBron James,0,67,0,2PT Field Goal,6,Miami Heat,2012-13 Season
LeBron James,12,7,0,2PT Field Goal,1,Miami Heat,2012-13 Season
LeBron James,81,148,0,2PT Field Goal,16,Miami Heat,2012-13 Season
LeBron James,2,11,1,2PT Field Goal,1,Miami Heat,2012-13 Season
LeBron James,-5,-6,1,2PT Field Goal,0,Miami Heat,2012-13 Season
LeBron James,-123,20,0,2PT Field Goal,12,Miami Heat,2012-13 Season
LeBron James,-128,-33,1,2PT Field Goal,13,Miami Heat,2012-13 Season
LeBron James,78,156,0,2PT Field Goal,17,Miami Heat,2012-13 Season
LeBron James,-196,67,0,2PT Field Goal,20,Miami Heat,2012-13 Season
LeBron James,106,72,0,2PT Field Goal,12,Miami Heat,2012-13 Season
LeBron James,-4,-3,1,2PT Field Goal,0,Miami Heat,2012-13 Season
LeBron James,-10,-22,1,2PT Field Goal,2,Miami Heat,2012-13 Season
LeBron James,88,44,0,2PT Field Goal,9,Miami Heat,2012-13 Season
LeBron James,-220,119,0,3PT Field Goal,25,Miami Heat,2012-13 Season
LeBron James,0,-5,1,2PT Field Goal,0,Miami Heat,2012-13 Season
LeBron James,31,-2,0,2PT Field Goal,3,Miami Heat,2012-13 Season
LeBron James,-2,6,1,2PT Field Goal,0,Miami Heat,2012-13 Season
LeBron James,15,25,0,2PT Field Goal,2,Miami Heat,2012-13 Season
LeBron James,2,3,1,2PT Field Goal,0,Miami Heat,2012-13 Season
LeBron James,70,-16,0,2PT Field Goal,7,Miami Heat,2012-13 Season
LeBron James,0,1,1,2PT Field Goal,0,Miami Heat,2012-13 Season
LeBron James,0,-8,1,2PT Field Goal,0,Miami Heat,2012-13 Season
LeBron James,100,249,1,3PT Field Goal,26,Miami Heat,2012-13 Season
LeBron James,7,-17,0,2PT Field Goal,1,Miami Heat,2012-13 Season
LeBron James,13,0,1,2PT Field Goal,1,Miami Heat,2012-13 Season
LeBron James,95,239,0,3PT Field Goal,25,Miami Heat,2012-13 Season
LeBron James,23,-8,1,2PT Field Goal,2,Miami Heat,2012-13 Season
LeBron James,244,-24,0,3PT Field Goal,24,Miami Heat,2012-13 Season
LeBron James,174,28,1,2PT Field Goal,17,Miami Heat,2012-13 Season
LeBron James,9,1,1,2PT Field Goal,0,Miami Heat,2012-13 Season
LeBron James,181,170,1,3PT Field Goal,24,Miami Heat,2012-13 Season
LeBron James,-68,179,1,2PT Field Goal,19,Miami Heat,2012-13 Season
LeBron James,177,26,0,2PT Field Goal,17,Miami Heat,2012-13 Season
LeBron James,4,9,1,2PT Field Goal,0,Miami Heat,2012-13 Season
LeBron James,177,172,1,3PT Field Goal,24,Miami Heat,2012-13 Season
LeBron James,170,175,1,3PT Field Goal,24,Miami Heat,2012-13 Season
LeBron James,193,154,0,3PT Field Goal,24,Miami Heat,2012-13 Season
LeBron James,37,19,0,2PT Field Goal,4,Miami Heat,2012-13 Season
LeBron James,7,1,0,2PT Field Goal,0,Miami Heat,2012-13 Season
LeBron James,-89,146,0,2PT Field Goal,17,Miami Heat,2012-13 Season
LeBron James,4,11,1,2PT Field Goal,1,Miami Heat,2012-13 Season
LeBron James,67,108,0,2PT Field Goal,12,Miami Heat,2012-13 Season
LeBron James,0,6,1,2PT Field Goal,0,Miami Heat,2012-13 Season
LeBron James,-4,9,0,2PT Field Goal,0,Miami Heat,2012-13 Season
LeBron James,-5,64,1,2PT Field Goal,6,Miami Heat,2012-13 Season
LeBron James,-11,261,0,3PT Field Goal,26,Miami Heat,2012-13 Season
LeBron James,-10,11,1,2PT Field Goal,1,Miami Heat,2012-13 Season
LeBron James,0,9,0,2PT Field Goal,0,Miami Heat,2012-13 Season
LeBron James,-11,4,1,2PT Field Goal,1,Miami Heat,2012-13 Season
LeBron James,47,58,0,2PT Field Goal,7,Miami Heat,2012-13 Season
LeBron James,40,12,1,2PT Field Goal,4,Miami Heat,2012-13 Season
LeBron James,12,14,1,2PT Field Goal,1,Miami Heat,2012-13 Season
LeBron James,0,9,1,2PT Field Goal,0,Miami Heat,2012-13 Season
LeBron James,1,11,1,2PT Field Goal,1,Miami Heat,2012-13 Season
LeBron James,-116,89,1,2PT Field Goal,14,Miami Heat,2012-13 Season
LeBron James,193,44,1,2PT Field Goal,19,Miami Heat,2012-13 Season
LeBron James,21,17,1,2PT Field Goal,2,Miami Heat,2012-13 Season
LeBron James,3,8,1,2PT Field Goal,0,Miami Heat,2012-13 Season
LeBron James,12,7,1,2PT Field Goal,1,Miami Heat,2012-13 Season
LeBron James,1,104,0,2PT Field Goal,10,Miami Heat,2012-13 Season
LeBron James,0,9,1,2PT Field Goal,0,Miami Heat,2012-13 Season
LeBron James,-185,67,0,2PT Field Goal,19,Miami Heat,2012-13 Season
LeBron James,173,20,0,2PT Field Goal,17,Miami Heat,2012-13 Season
LeBron James,146,41,0,2PT Field Goal,15,Miami Heat,2012-13 Season
LeBron James,-120,12,1,2PT Field Goal,12,Miami Heat,2012-13 Season
LeBron James,-125,101,0,2PT Field Goal,16,Miami Heat,2012-13 Season
LeBron James,13,7,1,2PT Field Goal,1,Miami Heat,2012-13 Season
LeBron James,-97,36,0,2PT Field Goal,10,Miami Heat,2012-13 Season
LeBron James,4,7,1,2PT Field Goal,0,Miami Heat,2012-13 Season
LeBron James,4,4,1,2PT Field Goal,0,Miami Heat,2012-13 Season
LeBron James,-8,9,1,2PT Field Goal,1,Miami Heat,2012-13 Season
LeBron James,171,181,1,3PT Field Goal,24,Miami Heat,2012-13 Season
LeBron James,2,89,0,2PT Field Goal,8,Miami Heat,2012-13 Season
LeBron James,7,14,1,2PT Field Goal,1,Miami Heat,2012-13 Season
LeBron James,0,6,1,2PT Field Goal,0,Miami Heat,2012-13 Season
LeBron James,15,45,1,2PT Field Goal,4,Miami Heat,2012-13 Season
LeBron James,-138,214,0,3PT Field Goal,25,Miami Heat,2012-13 Season
LeBron James,56,53,0,2PT Field Goal,7,Miami Heat,2012-13 Season
LeBron James,6,3,1,2PT Field Goal,0,Miami Heat,2012-13 Season
LeBron James,121,175,0,2PT Field Goal,21,Miami Heat,2012-13 Season
LeBron James,-7,58,1,2PT Field Goal,5,Miami Heat,2012-13 Season
LeBron James,9,0,1,2PT Field Goal,0,Miami Heat,2012-13 Season
LeBron James,-11,9,1,2PT Field Goal,1,Miami Heat,2012-13 Season
LeBron James,-87,135,0,2PT Field Goal,16,Miami Heat,2012-13 Season
LeBron James,-26,12,0,2PT Field Goal,2,Miami Heat,2012-13 Season
LeBron James,-71,75,1,2PT Field Goal,10,Miami Heat,2012-13 Season
LeBron James,231,67,0,3PT Field Goal,24,Miami Heat,2012-13 Season
LeBron James,40,14,1,2PT Field Goal,4,Miami Heat,2012-13 Season
LeBron James,-8,11,0,2PT Field Goal,1,Miami Heat,2012-13 Season
LeBron James,-70,11,0,2PT Field Goal,7,Miami Heat,2012-13 Season
LeBron James,12,14,1,2PT Field Goal,1,Miami Heat,2012-13 Season
LeBron James,182,41,0,2PT Field Goal,18,Miami Heat,2012-13 Season
LeBron James,-4,58,1,2PT Field Goal,5,Miami Heat,2012-13 Season
LeBron James,220,113,1,3PT Field Goal,24,Miami Heat,2012-13 Season
LeBron James,-59,60,1,2PT Field Goal,8,Miami Heat,2012-13 Season
LeBron James,-199,-11,0,2PT Field Goal,19,Miami Heat,2012-13 Season
LeBron James,-27,36,1,2PT Field Goal,4,Miami Heat,2012-13 Season
LeBron James,100,226,1,3PT Field Goal,24,Miami Heat,2012-13 Season
LeBron James,113,151,1,2PT Field Goal,18,Miami Heat,2012-13 Season
LeBron James,15,96,0,2PT Field Goal,9,Miami Heat,2012-13 Season
LeBron James,-2,47,0,2PT Field Goal,4,Miami Heat,2012-13 Season
LeBron James,166,181,0,3PT Field Goal,24,Miami Heat,2012-13 Season
LeBron James,-191,-2,0,2PT Field Goal,19,Miami Heat,2012-13 Season
LeBron James,-13,20,1,2PT Field Goal,2,Miami Heat,2012-13 Season
LeBron James,-215,146,0,3PT Field Goal,25,Miami Heat,2012-13 Season
LeBron James,-136,86,0,2PT Field Goal,16,Miami Heat,2012-13 Season
LeBron James,-213,135,0,3PT Field Goal,25,Miami Heat,2012-13 Season
LeBron James,-57,34,0,2PT Field Goal,6,Miami Heat,2012-13 Season
LeBron James,2,3,1,2PT Field Goal,0,Miami Heat,2012-13 Season
LeBron James,-56,126,0,2PT Field Goal,13,Miami Heat,2012-13 Season
LeBron James,9,7,1,2PT Field Goal,1,Miami Heat,2012-13 Season
LeBron James,-38,252,0,3PT Field Goal,25,Miami Heat,2012-13 Season
LeBron James,6,1,1,2PT Field Goal,0,Miami Heat,2012-13 Season
LeBron James,100,94,1,2PT Field Goal,13,Miami Heat,2012-13 Season
LeBron James,-95,140,1,2PT Field Goal,16,Miami Heat,2012-13 Season
LeBron James,9,4,1,2PT Field Goal,0,Miami Heat,2012-13 Season
LeBron James,94,93,0,2PT Field Goal,13,Miami Heat,2012-13 Season
LeBron James,121,121,1,2PT Field Goal,17,Miami Heat,2012-13 Season
LeBron James,6,11,1,2PT Field Goal,1,Miami Heat,2012-13 Season
LeBron James,-177,17,0,2PT Field Goal,17,Miami Heat,2012-13 Season
LeBron James,36,162,1,2PT Field Goal,16,Miami Heat,2012-13 Season
LeBron James,133,131,0,2PT Field Goal,18,Miami Heat,2012-13 Season
LeBron James,102,151,0,2PT Field Goal,18,Miami Heat,2012-13 Season
LeBron James,9,9,1,2PT Field Goal,1,Miami Heat,2012-13 Season
LeBron James,236,12,0,3PT Field Goal,23,Miami Heat,2012-13 Season
LeBron James,-4,11,0,2PT Field Goal,1,Miami Heat,2012-13 Season
LeBron James,230,85,1,3PT Field Goal,24,Miami Heat,2012-13 Season
LeBron James,83,4,1,2PT Field Goal,8,Miami Heat,2012-13 Season
LeBron James,184,162,1,3PT Field Goal,24,Miami Heat,2012-13 Season
LeBron James,-198,148,0,3PT Field Goal,24,Miami Heat,2012-13 Season
LeBron James,-146,206,0,3PT Field Goal,25,Miami Heat,2012-13 Season
LeBron James,-64,45,1,2PT Field Goal,7,Miami Heat,2012-13 Season
LeBron James,190,15,0,2PT Field Goal,19,Miami Heat,2012-13 Season
LeBron James,12,4,1,2PT Field Goal,1,Miami Heat,2012-13 Season
LeBron James,124,181,0,2PT Field Goal,21,Miami Heat,2012-13 Season
LeBron James,-19,48,0,2PT Field Goal,5,Miami Heat,2012-13 Season
LeBron James,-34,37,1,2PT Field Goal,5,Miami Heat,2012-13 Season
LeBron James,-70,194,1,2PT Field Goal,20,Miami Heat,2012-13 Season
LeBron James,7,225,1,2PT Field Goal,22,Miami Heat,2012-13 Season
LeBron James,-8,22,1,2PT Field Goal,2,Miami Heat,2012-13 Season
LeBron James,160,189,1,3PT Field Goal,24,Miami Heat,2012-13 Season
LeBron James,10,22,1,2PT Field Goal,2,Miami Heat,2012-13 Season
LeBron James,-27,108,0,2PT Field Goal,11,Miami Heat,2012-13 Season
LeBron James,-2,17,0,2PT Field Goal,1,Miami Heat,2012-13 Season
LeBron James,12,41,1,2PT Field Goal,4,Miami Heat,2012-13 Season
LeBron James,-40,255,1,3PT Field Goal,25,Miami Heat,2012-13 Season
LeBron James,-174,175,0,3PT Field Goal,24,Miami Heat,2012-13 Season
LeBron James,230,34,1,3PT Field Goal,23,Miami Heat,2012-13 Season
LeBron James,127,214,0,3PT Field Goal,24,Miami Heat,2012-13 Season
LeBron James,-180,22,0,2PT Field Goal,18,Miami Heat,2012-13 Season
LeBron James,-10,12,1,2PT Field Goal,1,Miami Heat,2012-13 Season
LeBron James,70,26,1,2PT Field Goal,7,Miami Heat,2012-13 Season
LeBron James,-89,4,0,2PT Field Goal,8,Miami Heat,2012-13 Season
LeBron James,48,175,1,2PT Field Goal,18,Miami Heat,2012-13 Season
LeBron James,-172,-13,1,2PT Field Goal,17,Miami Heat,2012-13 Season
LeBron James,34,187,0,2PT Field Goal,19,Miami Heat,2012-13 Season
LeBron James,-146,113,0,2PT Field Goal,18,Miami Heat,2012-13 Season
LeBron James,24,6,0,2PT Field Goal,2,Miami Heat,2012-13 Season
LeBron James,141,121,1,2PT Field Goal,18,Miami Heat,2012-13 Season
LeBron James,12,7,0,2PT Field Goal,1,Miami Heat,2012-13 Season
LeBron James,12,1,1,2PT Field Goal,1,Miami Heat,2012-13 Season
LeBron James,100,135,0,2PT Field Goal,16,Miami Heat,2012-13 Season
LeBron James,-19,3,1,2PT Field Goal,1,Miami Heat,2012-13 Season
LeBron James,-108,45,1,2PT Field Goal,11,Miami Heat,2012-13 Season
LeBron James,-120,160,1,2PT Field Goal,20,Miami Heat,2012-13 Season
LeBron James,-98,99,0,2PT Field Goal,13,Miami Heat,2012-13 Season
LeBron James,-182,34,0,2PT Field Goal,18,Miami Heat,2012-13 Season
LeBron James,-15,7,1,2PT Field Goal,1,Miami Heat,2012-13 Season
LeBron James,-240,17,1,3PT Field Goal,24,Miami Heat,2012-13 Season
LeBron James,10,4,1,2PT Field Goal,1,Miami Heat,2012-13 Season
LeBron James,-71,178,1,2PT Field Goal,19,Miami Heat,2012-13 Season
LeBron James,214,124,0,3PT Field Goal,24,Miami Heat,2012-13 Season
LeBron James,173,176,0,3PT Field Goal,24,Miami Heat,2012-13 Season
LeBron James,-2,11,0,2PT Field Goal,1,Miami Heat,2012-13 Season
LeBron James,-2,6,1,2PT Field Goal,0,Miami Heat,2012-13 Season
LeBron James,2,58,0,2PT Field Goal,5,Miami Heat,2012-13 Season
LeBron James,-116,22,1,2PT Field Goal,11,Miami Heat,2012-13 Season
LeBron James,-13,6,1,2PT Field Goal,1,Miami Heat,2012-13 Season
LeBron James,0,7,1,2PT Field Goal,0,Miami Heat,2012-13 Season
LeBron James,177,22,1,2PT Field Goal,17,Miami Heat,2012-13 Season
LeBron James,9,7,1,2PT Field Goal,1,Miami Heat,2012-13 Season
LeBron James,-35,222,1,2PT Field Goal,22,Miami Heat,2012-13 Season
LeBron James,-5,7,1,2PT Field Goal,0,Miami Heat,2012-13 Season
LeBron James,-16,15,0,2PT Field Goal,2,Miami Heat,2012-13 Season
LeBron James,-205,4,1,2PT Field Goal,20,Miami Heat,2012-13 Season
LeBron James,-160,154,1,2PT Field Goal,22,Miami Heat,2012-13 Season
LeBron James,83,20,0,2PT Field Goal,8,Miami Heat,2012-13 Season
LeBron James,163,189,0,3PT Field Goal,24,Miami Heat,2012-13 Season
LeBron James,0,6,0,2PT Field Goal,0,Miami Heat,2012-13 Season
LeBron James,-10,7,1,2PT Field Goal,1,Miami Heat,2012-13 Season
LeBron James,0,6,1,2PT Field Goal,0,Miami Heat,2012-13 Season
LeBron James,2,0,1,2PT Field Goal,0,Miami Heat,2012-13 Season
LeBron James,-120,146,0,2PT Field Goal,18,Miami Heat,2012-13 Season
LeBron James,-8,3,1,2PT Field Goal,0,Miami Heat,2012-13 Season
LeBron James,9,0,0,2PT Field Goal,0,Miami Heat,2012-13 Season
LeBron James,-128,45,0,2PT Field Goal,13,Miami Heat,2012-13 Season
LeBron James,-7,11,1,2PT Field Goal,1,Miami Heat,2012-13 Season
LeBron James,-21,6,0,2PT Field Goal,2,Miami Heat,2012-13 Season
LeBron James,13,14,0,2PT Field Goal,1,Miami Heat,2012-13 Season
LeBron James,-18,6,0,2PT Field Goal,1,Miami Heat,2012-13 Season
LeBron James,15,1,1,2PT Field Goal,1,Miami Heat,2012-13 Season
LeBron James,-139,121,0,2PT Field Goal,18,Miami Heat,2012-13 Season
LeBron James,78,249,0,3PT Field Goal,26,Miami Heat,2012-13 Season
LeBron James,-67,15,1,2PT Field Goal,6,Miami Heat,2012-13 Season
LeBron James,-157,82,0,2PT Field Goal,17,Miami Heat,2012-13 Season
LeBron James,-235,60,1,3PT Field Goal,24,Miami Heat,2012-13 Season
LeBron James,-210,142,1,3PT Field Goal,25,Miami Heat,2012-13 Season
LeBron James,-158,225,0,3PT Field Goal,27,Miami Heat,2012-13 Season
LeBron James,-185,67,0,2PT Field Goal,19,Miami Heat,2012-13 Season
LeBron James,-138,82,1,2PT Field Goal,16,Miami Heat,2012-13 Season
LeBron James,-149,58,1,2PT Field Goal,15,Miami Heat,2012-13 Season
LeBron James,-41,28,1,2PT Field Goal,4,Miami Heat,2012-13 Season
LeBron James,157,72,1,2PT Field Goal,17,Miami Heat,2012-13 Season
LeBron James,6,4,1,2PT Field Goal,0,Miami Heat,2012-13 Season
LeBron James,-152,85,1,2PT Field Goal,17,Miami Heat,2012-13 Season
LeBron James,4,0,0,2PT Field Goal,0,Miami Heat,2012-13 Season
LeBron James,-155,12,0,2PT Field Goal,15,Miami Heat,2012-13 Season
LeBron James,-26,121,0,2PT Field Goal,12,Miami Heat,2012-13 Season
LeBron James,2,7,1,2PT Field Goal,0,Miami Heat,2012-13 Season
LeBron James,132,42,1,2PT Field Goal,13,Miami Heat,2012-13 Season
LeBron James,-205,19,0,2PT Field Goal,20,Miami Heat,2012-13 Season
LeBron James,204,157,1,3PT Field Goal,25,Miami Heat,2012-13 Season
LeBron James,18,178,1,2PT Field Goal,17,Miami Heat,2012-13 Season
LeBron James,129,233,1,3PT Field Goal,26,Miami Heat,2012-13 Season
LeBron James,-81,189,1,2PT Field Goal,20,Miami Heat,2012-13 Season
LeBron James,-157,56,1,2PT Field Goal,16,Miami Heat,2012-13 Season
LeBron James,1,1,1,2PT Field Goal,0,Miami Heat,2012-13 Season
LeBron James,-2,0,1,2PT Field Goal,0,Miami Heat,2012-13 Season
LeBron James,140,224,0,3PT Field Goal,26,Miami Heat,2012-13 Season
LeBron James,-169,217,0,3PT Field Goal,27,Miami Heat,2012-13 Season
LeBron James,-130,58,1,2PT Field Goal,14,Miami Heat,2012-13 Season
LeBron James,-5,9,0,2PT Field Goal,1,Miami Heat,2012-13 Season
LeBron James,4,1,0,2PT Field Goal,0,Miami Heat,2012-13 Season
LeBron James,2,3,1,2PT Field Goal,0,Miami Heat,2012-13 Season
LeBron James,-123,-5,0,2PT Field Goal,12,Miami Heat,2012-13 Season
LeBron James,0,6,1,2PT Field Goal,0,Miami Heat,2012-13 Season
LeBron James,-180,3,0,2PT Field Goal,18,Miami Heat,2012-13 Season
LeBron James,-26,30,0,2PT Field Goal,3,Miami Heat,2012-13 Season
LeBron James,0,11,1,2PT Field Goal,1,Miami Heat,2012-13 Season
LeBron James,15,94,0,2PT Field Goal,9,Miami Heat,2012-13 Season
LeBron James,1,14,1,2PT Field Goal,1,Miami Heat,2012-13 Season
LeBron James,-122,-16,0,2PT Field Goal,12,Miami Heat,2012-13 Season
LeBron James,-32,0,1,2PT Field Goal,3,Miami Heat,2012-13 Season
LeBron James,239,-10,1,3PT Field Goal,23,Miami Heat,2012-13 Season
LeBron James,2,7,1,2PT Field Goal,0,Miami Heat,2012-13 Season
LeBron James,-147,52,1,2PT Field Goal,15,Miami Heat,2012-13 Season
LeBron James,62,113,1,2PT Field Goal,12,Miami Heat,2012-13 Season
LeBron James,-125,-10,0,2PT Field Goal,12,Miami Heat,2012-13 Season
LeBron James,4,4,1,2PT Field Goal,0,Miami Heat,2012-13 Season
LeBron James,-226,66,0,3PT Field Goal,23,Miami Heat,2012-13 Season
LeBron James,241,-19,0,3PT Field Goal,24,Miami Heat,2012-13 Season
LeBron James,18,14,1,2PT Field Goal,2,Miami Heat,2012-13 Season
LeBron James,4,14,1,2PT Field Goal,1,Miami Heat,2012-13 Season
LeBron James,-212,7,1,2PT Field Goal,21,Miami Heat,2012-13 Season
LeBron James,141,96,1,2PT Field Goal,17,Miami Heat,2012-13 Season
LeBron James,206,-16,0,2PT Field Goal,20,Miami Heat,2012-13 Season
LeBron James,-209,-30,0,2PT Field Goal,21,Miami Heat,2012-13 Season
LeBron James,-127,228,0,3PT Field Goal,26,Miami Heat,2012-13 Season
LeBron James,-11,7,1,2PT Field Goal,1,Miami Heat,2012-13 Season
LeBron James,-24,246,0,3PT Field Goal,24,Miami Heat,2012-13 Season
LeBron James,133,165,0,2PT Field Goal,21,Miami Heat,2012-13 Season
LeBron James,0,1,1,2PT Field Goal,0,Miami Heat,2012-13 Season
LeBron James,184,44,0,2PT Field Goal,18,Miami Heat,2012-13 Season
LeBron James,-109,230,1,3PT Field Goal,25,Miami Heat,2012-13 Season
LeBron James,32,254,0,3PT Field Goal,25,Miami Heat,2012-13 Season
LeBron James,0,11,0,2PT Field Goal,1,Miami Heat,2012-13 Season
LeBron James,21,107,1,2PT Field Goal,10,Miami Heat,2012-13 Season
LeBron James,-41,53,1,2PT Field Goal,6,Miami Heat,2012-13 Season
LeBron James,-169,20,0,2PT Field Goal,17,Miami Heat,2012-13 Season
LeBron James,-248,6,0,3PT Field Goal,24,Miami Heat,2012-13 Season
LeBron James,23,6,1,2PT Field Goal,2,Miami Heat,2012-13 Season
LeBron James,47,217,0,2PT Field Goal,22,Miami Heat,2012-13 Season
LeBron James,189,157,0,3PT Field Goal,24,Miami Heat,2012-13 Season
LeBron James,-152,121,0,2PT Field Goal,19,Miami Heat,2012-13 Season
LeBron James,12,1,1,2PT Field Goal,1,Miami Heat,2012-13 Season
LeBron James,13,7,1,2PT Field Goal,1,Miami Heat,2012-13 Season
LeBron James,10,6,0,2PT Field Goal,1,Miami Heat,2012-13 Season
LeBron James,-41,44,0,2PT Field Goal,6,Miami Heat,2012-13 Season
LeBron James,4,33,0,2PT Field Goal,3,Miami Heat,2012-13 Season
LeBron James,-109,23,1,2PT Field Goal,11,Miami Heat,2012-13 Season
LeBron James,-21,7,0,2PT Field Goal,2,Miami Heat,2012-13 Season
LeBron James,-11,14,1,2PT Field Goal,1,Miami Heat,2012-13 Season
LeBron James,-10,9,1,2PT Field Goal,1,Miami Heat,2012-13 Season
LeBron James,7,6,1,2PT Field Goal,0,Miami Heat,2012-13 Season
LeBron James,7,3,1,2PT Field Goal,0,Miami Heat,2012-13 Season
LeBron James,-5,258,0,3PT Field Goal,25,Miami Heat,2012-13 Season
LeBron James,-242,15,1,3PT Field Goal,24,Miami Heat,2012-13 Season
LeBron James,1,31,1,2PT Field Goal,3,Miami Heat,2012-13 Season
LeBron James,13,4,0,2PT Field Goal,1,Miami Heat,2012-13 Season
LeBron James,-144,153,0,2PT Field Goal,21,Miami Heat,2012-13 Season
LeBron James,-158,53,1,2PT Field Goal,16,Miami Heat,2012-13 Season
LeBron James,1,11,1,2PT Field Goal,1,Miami Heat,2012-13 Season
LeBron James,86,131,1,2PT Field Goal,15,Miami Heat,2012-13 Season
LeBron James,0,173,1,2PT Field Goal,17,Miami Heat,2012-13 Season
LeBron James,-239,7,0,3PT Field Goal,23,Miami Heat,2012-13 Season
LeBron James,-57,44,1,2PT Field Goal,7,Miami Heat,2012-13 Season
LeBron James,-95,159,0,2PT Field Goal,18,Miami Heat,2012-13 Season
LeBron James,133,80,1,2PT Field Goal,15,Miami Heat,2012-13 Season
LeBron James,-223,110,0,3PT Field Goal,24,Miami Heat,2012-13 Season
LeBron James,136,206,1,3PT Field Goal,24,Miami Heat,2012-13 Season
LeBron James,1,1,1,2PT Field Goal,0,Miami Heat,2012-13 Season
LeBron James,-4,190,0,2PT Field Goal,19,Miami Heat,2012-13 Season
LeBron James,4,249,0,3PT Field Goal,24,Miami Heat,2012-13 Season
LeBron James,-4,-2,1,2PT Field Goal,0,Miami Heat,2012-13 Season
LeBron James,75,175,1,2PT Field Goal,19,Miami Heat,2012-13 Season
LeBron James,58,249,0,3PT Field Goal,25,Miami Heat,2012-13 Season
LeBron James,113,165,1,2PT Field Goal,19,Miami Heat,2012-13 Season
LeBron James,20,30,0,2PT Field Goal,3,Miami Heat,2012-13 Season
LeBron James,80,23,0,2PT Field Goal,8,Miami Heat,2012-13 Season
LeBron James,231,4,1,3PT Field Goal,23,Miami Heat,2012-13 Season
LeBron James,-2,127,1,2PT Field Goal,12,Miami Heat,2012-13 Season
LeBron James,-182,194,0,3PT Field Goal,26,Miami Heat,2012-13 Season
LeBron James,13,107,0,2PT Field Goal,10,Miami Heat,2012-13 Season
LeBron James,155,187,1,3PT Field Goal,24,Miami Heat,2012-13 Season
LeBron James,-128,143,1,2PT Field Goal,19,Miami Heat,2012-13 Season
LeBron James,10,6,1,2PT Field Goal,1,Miami Heat,2012-13 Season
LeBron James,-86,135,0,2PT Field Goal,16,Miami Heat,2012-13 Season
LeBron James,54,164,1,2PT Field Goal,17,Miami Heat,2012-13 Season
LeBron James,-100,12,0,2PT Field Goal,10,Miami Heat,2012-13 Season
LeBron James,88,167,0,2PT Field Goal,18,Miami Heat,2012-13 Season
LeBron James,-78,129,0,2PT Field Goal,15,Miami Heat,2012-13 Season
LeBron James,-35,25,1,2PT Field Goal,4,Miami Heat,2012-13 Season
LeBron James,-4,9,1,2PT Field Goal,0,Miami Heat,2012-13 Season
LeBron James,-152,89,0,2PT Field Goal,17,Miami Heat,2012-13 Season
LeBron James,-127,7,0,2PT Field Goal,12,Miami Heat,2012-13 Season
LeBron James,26,60,0,2PT Field Goal,6,Miami Heat,2012-13 Season
LeBron James,26,3,1,2PT Field Goal,2,Miami Heat,2012-13 Season
LeBron James,-37,83,1,2PT Field Goal,9,Miami Heat,2012-13 Season
LeBron James,-112,30,0,2PT Field Goal,11,Miami Heat,2012-13 Season
LeBron James,-92,22,0,2PT Field Goal,9,Miami Heat,2012-13 Season
LeBron James,-38,52,1,2PT Field Goal,6,Miami Heat,2012-13 Season
LeBron James,13,4,0,2PT Field Goal,1,Miami Heat,2012-13 Season
LeBron James,21,6,1,2PT Field Goal,2,Miami Heat,2012-13 Season
LeBron James,18,4,1,2PT Field Goal,1,Miami Heat,2012-13 Season
LeBron James,-164,80,1,2PT Field Goal,18,Miami Heat,2012-13 Season
LeBron James,-10,179,0,2PT Field Goal,17,Miami Heat,2012-13 Season
LeBron James,-128,0,1,2PT Field Goal,12,Miami Heat,2012-13 Season
LeBron James,40,85,0,2PT Field Goal,9,Miami Heat,2012-13 Season
LeBron James,1,1,1,2PT Field Goal,0,Miami Heat,2012-13 Season
LeBron James,12,15,0,2PT Field Goal,1,Miami Heat,2012-13 Season
LeBron James,103,238,1,3PT Field Goal,25,Miami Heat,2012-13 Season
LeBron James,-158,129,1,2PT Field Goal,20,Miami Heat,2012-13 Season
LeBron James,-152,89,0,2PT Field Goal,17,Miami Heat,2012-13 Season
LeBron James,-152,33,0,2PT Field Goal,15,Miami Heat,2012-13 Season
LeBron James,12,-5,1,2PT Field Goal,1,Miami Heat,2012-13 Season
LeBron James,9,-3,1,2PT Field Goal,0,Miami Heat,2012-13 Season
LeBron James,15,0,0,2PT Field Goal,1,Miami Heat,2012-13 Season
LeBron James,-70,39,0,2PT Field Goal,8,Miami Heat,2012-13 Season
LeBron James,151,197,1,3PT Field Goal,24,Miami Heat,2012-13 Season
LeBron James,-141,116,0,2PT Field Goal,18,Miami Heat,2012-13 Season
LeBron James,12,1,1,2PT Field Goal,1,Miami Heat,2012-13 Season
LeBron James,4,274,0,3PT Field Goal,27,Miami Heat,2012-13 Season
LeBron James,6,-3,1,2PT Field Goal,0,Miami Heat,2012-13 Season
LeBron James,231,7,0,3PT Field Goal,23,Miami Heat,2012-13 Season
LeBron James,80,26,0,2PT Field Goal,8,Miami Heat,2012-13 Season
LeBron James,-199,159,0,3PT Field Goal,25,Miami Heat,2012-13 Season
LeBron James,132,132,1,2PT Field Goal,18,Miami Heat,2012-13 Season
LeBron James,-179,162,0,3PT Field Goal,24,Miami Heat,2012-13 Season
LeBron James,23,-3,0,2PT Field Goal,2,Miami Heat,2012-13 Season
LeBron James,3,-1,1,2PT Field Goal,0,Miami Heat,2012-13 Season
LeBron James,-8,4,1,2PT Field Goal,0,Miami Heat,2012-13 Season
LeBron James,-32,55,1,2PT Field Goal,6,Miami Heat,2012-13 Season
LeBron James,-18,15,1,2PT Field Goal,2,Miami Heat,2012-13 Season
LeBron James,-226,105,0,3PT Field Goal,24,Miami Heat,2012-13 Season
LeBron James,37,19,0,2PT Field Goal,4,Miami Heat,2012-13 Season
LeBron James,-21,39,0,2PT Field Goal,4,Miami Heat,2012-13 Season
LeBron James,-30,14,1,2PT Field Goal,3,Miami Heat,2012-13 Season
LeBron James,0,11,1,2PT Field Goal,1,Miami Heat,2012-13 Season
LeBron James,17,25,1,2PT Field Goal,3,Miami Heat,2012-13 Season
LeBron James,0,4,1,2PT Field Goal,0,Miami Heat,2012-13 Season
LeBron James,-21,6,1,2PT Field Goal,2,Miami Heat,2012-13 Season
LeBron James,-15,0,1,2PT Field Goal,1,Miami Heat,2012-13 Season
LeBron James,-10,19,0,2PT Field Goal,2,Miami Heat,2012-13 Season
LeBron James,-15,-2,1,2PT Field Goal,1,Miami Heat,2012-13 Season
LeBron James,-158,78,0,2PT Field Goal,17,Miami Heat,2012-13 Season
LeBron James,-16,1,1,2PT Field Goal,1,Miami Heat,2012-13 Season
LeBron James,-23,-2,1,2PT Field Goal,2,Miami Heat,2012-13 Season
LeBron James,233,6,1,3PT Field Goal,23,Miami Heat,2012-13 Season
LeBron James,4,9,0,2PT Field Goal,0,Miami Heat,2012-13 Season
LeBron James,6,0,1,2PT Field Goal,0,Miami Heat,2012-13 Season
LeBron James,-160,94,0,2PT Field Goal,18,Miami Heat,2012-13 Season
LeBron James,-161,186,1,3PT Field Goal,24,Miami Heat,2012-13 Season
LeBron James,231,36,0,3PT Field Goal,23,Miami Heat,2012-13 Season
LeBron James,26,11,1,2PT Field Goal,2,Miami Heat,2012-13 Season
LeBron James,-62,25,1,2PT Field Goal,6,Miami Heat,2012-13 Season
LeBron James,-23,9,1,2PT Field Goal,2,Miami Heat,2012-13 Season
LeBron James,78,233,0,3PT Field Goal,24,Miami Heat,2012-13 Season
LeBron James,-111,-6,1,2PT Field Goal,11,Miami Heat,2012-13 Season
LeBron James,-2,6,1,2PT Field Goal,0,Miami Heat,2012-13 Season
LeBron James,168,146,1,2PT Field Goal,22,Miami Heat,2012-13 Season
LeBron James,12,12,0,2PT Field Goal,1,Miami Heat,2012-13 Season
LeBron James,-4,3,1,2PT Field Goal,0,Miami Heat,2012-13 Season
LeBron James,18,7,0,2PT Field Goal,1,Miami Heat,2012-13 Season
LeBron James,21,257,1,3PT Field Goal,25,Miami Heat,2012-13 Season
LeBron James,15,260,0,3PT Field Goal,26,Miami Heat,2012-13 Season
LeBron James,-19,15,1,2PT Field Goal,2,Miami Heat,2012-13 Season
LeBron James,-232,7,0,3PT Field Goal,23,Miami Heat,2012-13 Season
LeBron James,-114,168,1,2PT Field Goal,20,Miami Heat,2012-13 Season
LeBron James,0,126,1,2PT Field Goal,12,Miami Heat,2012-13 Season
LeBron James,0,123,1,2PT Field Goal,12,Miami Heat,2012-13 Season
LeBron James,182,190,0,3PT Field Goal,26,Miami Heat,2012-13 Season
LeBron James,-119,151,1,2PT Field Goal,19,Miami Heat,2012-13 Season
LeBron James,-190,178,0,3PT Field Goal,26,Miami Heat,2012-13 Season
LeBron James,-4,-5,1,2PT Field Goal,0,Miami Heat,2012-13 Season
LeBron James,9,28,0,2PT Field Goal,2,Miami Heat,2012-13 Season
LeBron James,135,119,1,2PT Field Goal,17,Miami Heat,2012-13 Season
LeBron James,125,135,0,2PT Field Goal,18,Miami Heat,2012-13 Season
LeBron James,-95,164,0,2PT Field Goal,18,Miami Heat,2012-13 Season
LeBron James,125,145,0,2PT Field Goal,19,Miami Heat,2012-13 Season
LeBron James,-16,9,1,2PT Field Goal,1,Miami Heat,2012-13 Season
LeBron James,-15,19,1,2PT Field Goal,2,Miami Heat,2012-13 Season
LeBron James,-2,159,0,2PT Field Goal,15,Miami Heat,2012-13 Season
LeBron James,-15,14,1,2PT Field Goal,2,Miami Heat,2012-13 Season
LeBron James,-27,19,1,2PT Field Goal,3,Miami Heat,2012-13 Season
LeBron James,-11,14,1,2PT Field Goal,1,Miami Heat,2012-13 Season
LeBron James,7,25,1,2PT Field Goal,2,Miami Heat,2012-13 Season
LeBron James,-11,12,1,2PT Field Goal,1,Miami Heat,2012-13 Season
LeBron James,92,162,0,2PT Field Goal,18,Miami Heat,2012-13 Season
LeBron James,-64,14,1,2PT Field Goal,6,Miami Heat,2012-13 Season
LeBron James,58,102,0,2PT Field Goal,11,Miami Heat,2012-13 Season
LeBron James,7,23,1,2PT Field Goal,2,Miami Heat,2012-13 Season
LeBron James,-109,184,0,2PT Field Goal,21,Miami Heat,2012-13 Season
LeBron James,-101,64,0,2PT Field Goal,11,Miami Heat,2012-13 Season
LeBron James,-15,4,1,2PT Field Goal,1,Miami Heat,2012-13 Season
LeBron James,-199,71,0,2PT Field Goal,21,Miami Heat,2012-13 Season
LeBron James,-15,12,1,2PT Field Goal,1,Miami Heat,2012-13 Season
LeBron James,13,19,1,2PT Field Goal,2,Miami Heat,2012-13 Season
LeBron James,0,22,1,2PT Field Goal,2,Miami Heat,2012-13 Season
LeBron James,31,265,1,3PT Field Goal,26,Miami Heat,2012-13 Season
LeBron James,-48,192,1,2PT Field Goal,19,Miami Heat,2012-13 Season
LeBron James,59,261,0,3PT Field Goal,26,Miami Heat,2012-13 Season
LeBron James,-41,45,1,2PT Field Goal,6,Miami Heat,2012-13 Season
LeBron James,-11,22,1,2PT Field Goal,2,Miami Heat,2012-13 Season
LeBron James,-15,11,1,2PT Field Goal,1,Miami Heat,2012-13 Season
LeBron James,21,30,0,2PT Field Goal,3,Miami Heat,2012-13 Season
LeBron James,-4,3,1,2PT Field Goal,0,Miami Heat,2012-13 Season
LeBron James,-3,11,1,2PT Field Goal,1,Miami Heat,2012-13 Season
LeBron James,6,-5,1,2PT Field Goal,0,Miami Heat,2012-13 Season
LeBron James,-76,93,1,2PT Field Goal,12,Miami Heat,2012-13 Season
LeBron James,-160,94,0,2PT Field Goal,18,Miami Heat,2012-13 Season
LeBron James,-131,137,1,2PT Field Goal,18,Miami Heat,2012-13 Season
LeBron James,1,1,1,2PT Field Goal,0,Miami Heat,2012-13 Season
LeBron James,32,39,0,2PT Field Goal,5,Miami Heat,2012-13 Season
LeBron James,73,250,0,3PT Field Goal,26,Miami Heat,2012-13 Season
LeBron James,13,1,1,2PT Field Goal,1,Miami Heat,2012-13 Season
LeBron James,-89,58,0,2PT Field Goal,10,Miami Heat,2012-13 Season
LeBron James,-4,4,1,2PT Field Goal,0,Miami Heat,2012-13 Season
LeBron James,0,11,1,2PT Field Goal,1,Miami Heat,2012-13 Season
LeBron James,94,238,0,3PT Field Goal,25,Miami Heat,2012-13 Season
LeBron James,1,6,1,2PT Field Goal,0,Miami Heat,2012-13 Season
LeBron James,-68,63,0,2PT Field Goal,9,Miami Heat,2012-13 Season
LeBron James,233,44,0,3PT Field Goal,23,Miami Heat,2012-13 Season
LeBron James,-67,33,0,2PT Field Goal,7,Miami Heat,2012-13 Season
LeBron James,24,257,1,3PT Field Goal,25,Miami Heat,2012-13 Season
LeBron James,-95,183,0,2PT Field Goal,20,Miami Heat,2012-13 Season
LeBron James,-38,255,0,3PT Field Goal,25,Miami Heat,2012-13 Season
LeBron James,28,9,1,2PT Field Goal,2,Miami Heat,2012-13 Season
LeBron James,-89,83,0,2PT Field Goal,12,Miami Heat,2012-13 Season
LeBron James,-32,56,1,2PT Field Goal,6,Miami Heat,2012-13 Season
LeBron James,-86,28,1,2PT Field Goal,9,Miami Heat,2012-13 Season
LeBron James,4,9,1,2PT Field Goal,0,Miami Heat,2012-13 Season
LeBron James,12,3,1,2PT Field Goal,1,Miami Heat,2012-13 Season
LeBron James,1,9,1,2PT Field Goal,0,Miami Heat,2012-13 Season
LeBron James,15,12,1,2PT Field Goal,1,Miami Heat,2012-13 Season
LeBron James,146,119,1,2PT Field Goal,18,Miami Heat,2012-13 Season
LeBron James,217,135,0,3PT Field Goal,25,Miami Heat,2012-13 Season
LeBron James,-153,137,0,2PT Field Goal,20,Miami Heat,2012-13 Season
LeBron James,111,126,1,2PT Field Goal,16,Miami Heat,2012-13 Season
LeBron James,1,14,0,2PT Field Goal,1,Miami Heat,2012-13 Season
LeBron James,-84,0,0,2PT Field Goal,8,Miami Heat,2012-13 Season
LeBron James,-67,15,0,2PT Field Goal,6,Miami Heat,2012-13 Season
LeBron James,51,119,1,2PT Field Goal,12,Miami Heat,2012-13 Season
LeBron James,1,1,0,2PT Field Goal,0,Miami Heat,2012-13 Season
LeBron James,-19,-3,1,2PT Field Goal,1,Miami Heat,2012-13 Season
LeBron James,-26,11,0,2PT Field Goal,2,Miami Heat,2012-13 Season
LeBron James,-4,-2,0,2PT Field Goal,0,Miami Heat,2012-13 Season
LeBron James,1,-2,0,2PT Field Goal,0,Miami Heat,2012-13 Season
LeBron James,0,1,1,2PT Field Goal,0,Miami Heat,2012-13 Season
LeBron James,0,15,1,2PT Field Goal,1,Miami Heat,2012-13 Season
LeBron James,-131,71,0,2PT Field Goal,14,Miami Heat,2012-13 Season
LeBron James,-146,197,1,3PT Field Goal,24,Miami Heat,2012-13 Season
LeBron James,-138,230,1,3PT Field Goal,26,Miami Heat,2012-13 Season
LeBron James,-101,238,0,3PT Field Goal,25,Miami Heat,2012-13 Season
LeBron James,-10,0,1,2PT Field Goal,1,Miami Heat,2012-13 Season
LeBron James,-205,42,0,2PT Field Goal,20,Miami Heat,2012-13 Season
LeBron James,-84,127,1,2PT Field Goal,15,Miami Heat,2012-13 Season
LeBron James,-100,131,1,2PT Field Goal,16,Miami Heat,2012-13 Season
LeBron James,-187,102,0,2PT Field Goal,21,Miami Heat,2012-13 Season
LeBron James,65,252,0,3PT Field Goal,26,Miami Heat,2012-13 Season
LeBron James,-87,77,1,2PT Field Goal,11,Miami Heat,2012-13 Season
LeBron James,-30,261,1,3PT Field Goal,26,Miami Heat,2012-13 Season
LeBron James,184,50,0,2PT Field Goal,19,Miami Heat,2012-13 Season
LeBron James,138,213,0,3PT Field Goal,25,Miami Heat,2012-13 Season
LeBron James,0,6,1,2PT Field Goal,0,Miami Heat,2012-13 Season
LeBron James,2,-2,1,2PT Field Goal,0,Miami Heat,2012-13 Season
LeBron James,-166,28,0,2PT Field Goal,16,Miami Heat,2012-13 Season
LeBron James,9,7,0,2PT Field Goal,1,Miami Heat,2012-13 Season
LeBron James,-136,124,0,2PT Field Goal,18,Miami Heat,2012-13 Season
LeBron James,-76,17,0,2PT Field Goal,7,Miami Heat,2012-13 Season
LeBron James,9,23,1,2PT Field Goal,2,Miami Heat,2012-13 Season
LeBron James,-127,56,0,2PT Field Goal,13,Miami Heat,2012-13 Season
LeBron James,-34,0,0,2PT Field Goal,3,Miami Heat,2012-13 Season
LeBron James,-128,74,1,2PT Field Goal,14,Miami Heat,2012-13 Season
LeBron James,-34,11,1,2PT Field Goal,3,Miami Heat,2012-13 Season
LeBron James,13,22,1,2PT Field Goal,2,Miami Heat,2012-13 Season
LeBron James,-128,164,0,2PT Field Goal,20,Miami Heat,2012-13 Season
LeBron James,225,26,1,3PT Field Goal,22,Miami Heat,2012-13 Season
LeBron James,-144,85,0,2PT Field Goal,16,Miami Heat,2012-13 Season
LeBron James,-46,17,0,2PT Field Goal,4,Miami Heat,2012-13 Season
LeBron James,34,31,0,2PT Field Goal,4,Miami Heat,2012-13 Season
LeBron James,13,7,0,2PT Field Goal,1,Miami Heat,2012-13 Season
LeBron James,-5,261,0,3PT Field Goal,26,Miami Heat,2012-13 Season
LeBron James,21,15,1,2PT Field Goal,2,Miami Heat,2012-13 Season
LeBron James,230,34,1,3PT Field Goal,23,Miami Heat,2012-13 Season
LeBron James,24,7,1,2PT Field Goal,2,Miami Heat,2012-13 Season
LeBron James,-191,181,1,3PT Field Goal,26,Miami Heat,2012-13 Season
LeBron James,185,28,0,2PT Field Goal,18,Miami Heat,2012-13 Season
LeBron James,-136,119,1,2PT Field Goal,18,Miami Heat,2012-13 Season
LeBron James,-70,142,1,2PT Field Goal,15,Miami Heat,2012-13 Season
LeBron James,-35,72,1,2PT Field Goal,8,Miami Heat,2012-13 Season
LeBron James,-231,31,1,3PT Field Goal,23,Miami Heat,2012-13 Season
LeBron James,17,26,1,2PT Field Goal,3,Miami Heat,2012-13 Season
LeBron James,-16,0,0,2PT Field Goal,1,Miami Heat,2012-13 Season
LeBron James,-106,36,0,2PT Field Goal,11,Miami Heat,2012-13 Season
LeBron James,10,85,0,2PT Field Goal,8,Miami Heat,2012-13 Season
LeBron James,1,45,1,2PT Field Goal,4,Miami Heat,2012-13 Season
LeBron James,-4,41,1,2PT Field Goal,4,Miami Heat,2012-13 Season
LeBron James,-49,271,0,3PT Field Goal,27,Miami Heat,2012-13 Season
LeBron James,-38,249,0,3PT Field Goal,25,Miami Heat,2012-13 Season
LeBron James,-34,26,1,2PT Field Goal,4,Miami Heat,2012-13 Season
LeBron James,31,192,1,2PT Field Goal,19,Miami Heat,2012-13 Season
LeBron James,-100,82,0,2PT Field Goal,12,Miami Heat,2012-13 Season
LeBron James,-30,142,1,2PT Field Goal,14,Miami Heat,2012-13 Season
LeBron James,110,99,0,2PT Field Goal,14,Miami Heat,2012-13 Season
LeBron James,-13,61,1,2PT Field Goal,6,Miami Heat,2012-13 Season
LeBron James,-138,60,0,2PT Field Goal,15,Miami Heat,2012-13 Season
LeBron James,9,6,1,2PT Field Goal,1,Miami Heat,2012-13 Season
LeBron James,7,7,1,2PT Field Goal,0,Miami Heat,2012-13 Season
LeBron James,-76,198,1,2PT Field Goal,21,Miami Heat,2012-13 Season
LeBron James,21,3,1,2PT Field Goal,2,Miami Heat,2012-13 Season
LeBron James,24,7,1,2PT Field Goal,2,Miami Heat,2012-13 Season
LeBron James,64,25,0,2PT Field Goal,6,Miami Heat,2012-13 Season
LeBron James,53,148,0,2PT Field Goal,15,Miami Heat,2012-13 Season
LeBron James,-177,186,0,3PT Field Goal,25,Miami Heat,2012-13 Season
LeBron James,39,23,1,2PT Field Goal,4,Miami Heat,2012-13 Season
LeBron James,-52,164,0,2PT Field Goal,17,Miami Heat,2012-13 Season
LeBron James,20,4,0,2PT Field Goal,2,Miami Heat,2012-13 Season
LeBron James,-198,86,0,2PT Field Goal,21,Miami Heat,2012-13 Season
LeBron James,-32,33,1,2PT Field Goal,4,Miami Heat,2012-13 Season
LeBron James,1,1,1,2PT Field Goal,0,Miami Heat,2012-13 Season
LeBron James,-139,197,1,3PT Field Goal,24,Miami Heat,2012-13 Season
LeBron James,-8,227,1,2PT Field Goal,22,Miami Heat,2012-13 Season
LeBron James,-5,6,1,2PT Field Goal,0,Miami Heat,2012-13 Season
LeBron James,18,52,1,2PT Field Goal,5,Miami Heat,2012-13 Season
LeBron James,-73,11,1,2PT Field Goal,7,Miami Heat,2012-13 Season
LeBron James,0,91,1,2PT Field Goal,9,Miami Heat,2012-13 Season
LeBron James,17,6,1,2PT Field Goal,1,Miami Heat,2012-13 Season
LeBron James,12,9,1,2PT Field Goal,1,Miami Heat,2012-13 Season
LeBron James,-19,6,1,2PT Field Goal,1,Miami Heat,2012-13 Season
LeBron James,-7,4,1,2PT Field Goal,0,Miami Heat,2012-13 Season
LeBron James,36,25,0,2PT Field Goal,4,Miami Heat,2012-13 Season
LeBron James,61,12,1,2PT Field Goal,6,Miami Heat,2012-13 Season
LeBron James,18,1,1,2PT Field Goal,1,Miami Heat,2012-13 Season
LeBron James,-7,11,1,2PT Field Goal,1,Miami Heat,2012-13 Season
LeBron James,7,1,1,2PT Field Goal,0,Miami Heat,2012-13 Season
LeBron James,10,3,1,2PT Field Goal,1,Miami Heat,2012-13 Season
LeBron James,10,0,1,2PT Field Goal,1,Miami Heat,2012-13 Season
LeBron James,20,192,1,2PT Field Goal,19,Miami Heat,2012-13 Season
LeBron James,-87,181,1,2PT Field Goal,20,Miami Heat,2012-13 Season
LeBron James,-205,15,0,2PT Field Goal,20,Miami Heat,2012-13 Season
LeBron James,-5,17,1,2PT Field Goal,1,Miami Heat,2012-13 Season
LeBron James,106,178,0,2PT Field Goal,20,Miami Heat,2012-13 Season
LeBron James,47,37,1,2PT Field Goal,5,Miami Heat,2012-13 Season
LeBron James,-84,25,1,2PT Field Goal,8,Miami Heat,2012-13 Season
LeBron James,2,-3,1,2PT Field Goal,0,Miami Heat,2012-13 Season
LeBron James,-205,159,0,3PT Field Goal,25,Miami Heat,2012-13 Season
LeBron James,88,236,1,3PT Field Goal,25,Miami Heat,2012-13 Season
LeBron James,228,55,1,3PT Field Goal,23,Miami Heat,2012-13 Season
LeBron James,-191,159,1,3PT Field Goal,24,Miami Heat,2012-13 Season
LeBron James,7,12,1,2PT Field Goal,1,Miami Heat,2012-13 Season
LeBron James,-231,138,0,3PT Field Goal,26,Miami Heat,2012-13 Season
LeBron James,7,14,0,2PT Field Goal,1,Miami Heat,2012-13 Season
LeBron James,-79,143,0,2PT Field Goal,16,Miami Heat,2012-13 Season
LeBron James,-171,195,0,3PT Field Goal,25,Miami Heat,2012-13 Season
LeBron James,135,211,1,3PT Field Goal,25,Miami Heat,2012-13 Season
LeBron James,12,3,1,2PT Field Goal,1,Miami Heat,2012-13 Season
LeBron James,-158,101,1,2PT Field Goal,18,Miami Heat,2012-13 Season
LeBron James,-160,116,1,2PT Field Goal,19,Miami Heat,2012-13 Season
LeBron James,36,45,1,2PT Field Goal,5,Miami Heat,2012-13 Season
LeBron James,-29,15,1,2PT Field Goal,3,Miami Heat,2012-13 Season
LeBron James,2,22,0,2PT Field Goal,2,Miami Heat,2012-13 Season
LeBron James,39,266,1,3PT Field Goal,26,Miami Heat,2012-13 Season
LeBron James,-100,235,1,3PT Field Goal,25,Miami Heat,2012-13 Season
LeBron James,111,231,0,3PT Field Goal,25,Miami Heat,2012-13 Season
LeBron James,231,11,1,3PT Field Goal,23,Miami Heat,2012-13 Season
LeBron James,56,183,1,2PT Field Goal,19,Miami Heat,2012-13 Season
LeBron James,10,1,1,2PT Field Goal,1,Miami Heat,2012-13 Season
LeBron James,0,80,1,2PT Field Goal,8,Miami Heat,2012-13 Season
LeBron James,12,7,1,2PT Field Goal,1,Miami Heat,2012-13 Season
LeBron James,-4,12,1,2PT Field Goal,1,Miami Heat,2012-13 Season
LeBron James,108,149,0,2PT Field Goal,18,Miami Heat,2012-13 Season
LeBron James,-59,140,1,2PT Field Goal,15,Miami Heat,2012-13 Season
LeBron James,-116,162,0,2PT Field Goal,19,Miami Heat,2012-13 Season
LeBron James,48,23,1,2PT Field Goal,5,Miami Heat,2012-13 Season
LeBron James,34,17,0,2PT Field Goal,3,Miami Heat,2012-13 Season
LeBron James,1,6,1,2PT Field Goal,0,Miami Heat,2012-13 Season
LeBron James,-207,138,1,3PT Field Goal,24,Miami Heat,2012-13 Season
LeBron James,-127,154,0,2PT Field Goal,19,Miami Heat,2012-13 Season
LeBron James,-234,14,0,3PT Field Goal,23,Miami Heat,2012-13 Season
LeBron James,0,1,0,2PT Field Goal,0,Miami Heat,2012-13 Season
LeBron James,-4,7,1,2PT Field Goal,0,Miami Heat,2012-13 Season
LeBron James,2,9,1,2PT Field Goal,0,Miami Heat,2012-13 Season
LeBron James,149,131,1,2PT Field Goal,19,Miami Heat,2012-13 Season
LeBron James,-2,1,1,2PT Field Goal,0,Miami Heat,2012-13 Season
LeBron James,-15,12,1,2PT Field Goal,1,Miami Heat,2012-13 Season
LeBron James,-133,97,0,2PT Field Goal,16,Miami Heat,2012-13 Season
LeBron James,-15,12,1,2PT Field Goal,1,Miami Heat,2012-13 Season
LeBron James,1,89,1,2PT Field Goal,8,Miami Heat,2012-13 Season
LeBron James,0,6,1,2PT Field Goal,0,Miami Heat,2012-13 Season
LeBron James,9,11,1,2PT Field Goal,1,Miami Heat,2012-13 Season
LeBron James,26,97,0,2PT Field Goal,10,Miami Heat,2012-13 Season
LeBron James,91,146,1,2PT Field Goal,17,Miami Heat,2012-13 Season
LeBron James,226,17,1,3PT Field Goal,22,Miami Heat,2012-13 Season
LeBron James,-207,135,0,3PT Field Goal,24,Miami Heat,2012-13 Season
LeBron James,4,9,1,2PT Field Goal,0,Miami Heat,2012-13 Season
LeBron James,-153,197,0,3PT Field Goal,24,Miami Heat,2012-13 Season
LeBron James,4,6,1,2PT Field Goal,0,Miami Heat,2012-13 Season
LeBron James,2,6,1,2PT Field Goal,0,Miami Heat,2012-13 Season
LeBron James,17,-2,1,2PT Field Goal,1,Miami Heat,2012-13 Season
LeBron James,-158,189,1,3PT Field Goal,24,Miami Heat,2012-13 Season
LeBron James,-131,23,0,2PT Field Goal,13,Miami Heat,2012-13 Season
LeBron James,92,91,0,2PT Field Goal,12,Miami Heat,2012-13 Season
LeBron James,54,224,1,2PT Field Goal,23,Miami Heat,2012-13 Season
LeBron James,-152,208,0,3PT Field Goal,25,Miami Heat,2012-13 Season
LeBron James,-16,-3,0,2PT Field Goal,1,Miami Heat,2012-13 Season
LeBron James,-174,186,1,3PT Field Goal,25,Miami Heat,2012-13 Season
LeBron James,-199,96,1,2PT Field Goal,22,Miami Heat,2012-13 Season
LeBron James,-120,160,1,2PT Field Goal,20,Miami Heat,2012-13 Season
LeBron James,-171,172,1,3PT Field Goal,24,Miami Heat,2012-13 Season
LeBron James,163,235,0,3PT Field Goal,28,Miami Heat,2012-13 Season
LeBron James,-120,197,1,2PT Field Goal,23,Miami Heat,2012-13 Season
LeBron James,-5,0,1,2PT Field Goal,0,Miami Heat,2012-13 Season
LeBron James,-138,126,0,2PT Field Goal,18,Miami Heat,2012-13 Season
LeBron James,10,-3,1,2PT Field Goal,1,Miami Heat,2012-13 Season
LeBron James,-164,17,0,2PT Field Goal,16,Miami Heat,2012-13 Season
LeBron James,-59,242,1,3PT Field Goal,24,Miami Heat,2012-13 Season
LeBron James,113,227,0,3PT Field Goal,25,Miami Heat,2012-13 Season
LeBron James,-7,4,1,2PT Field Goal,0,Miami Heat,2012-13 Season
LeBron James,-24,116,0,2PT Field Goal,11,Miami Heat,2012-13 Season
LeBron James,-128,63,1,2PT Field Goal,14,Miami Heat,2012-13 Season
LeBron James,0,1,1,2PT Field Goal,0,Miami Heat,2012-13 Season
LeBron James,81,272,0,3PT Field Goal,28,Miami Heat,2012-13 Season
LeBron James,-7,3,0,2PT Field Goal,0,Miami Heat,2012-13 Season
LeBron James,0,1,1,2PT Field Goal,0,Miami Heat,2012-13 Season
LeBron James,-52,22,0,2PT Field Goal,5,Miami Heat,2012-13 Season
LeBron James,28,19,1,2PT Field Goal,3,Miami Heat,2012-13 Season
LeBron James,7,1,1,2PT Field Goal,0,Miami Heat,2012-13 Season
LeBron James,-185,4,0,2PT Field Goal,18,Miami Heat,2012-13 Season
LeBron James,230,131,1,3PT Field Goal,26,Miami Heat,2012-13 Season
LeBron James,32,211,1,2PT Field Goal,21,Miami Heat,2012-13 Season
LeBron James,12,244,0,3PT Field Goal,24,Miami Heat,2012-13 Season
LeBron James,-32,230,1,2PT Field Goal,23,Miami Heat,2012-13 Season
LeBron James,-87,112,1,2PT Field Goal,14,Miami Heat,2012-13 Season
LeBron James,77,241,0,3PT Field Goal,25,Miami Heat,2012-13 Season
LeBron James,-15,254,0,3PT Field Goal,25,Miami Heat,2012-13 Season
LeBron James,-24,101,0,2PT Field Goal,10,Miami Heat,2012-13 Season
LeBron James,13,9,1,2PT Field Goal,1,Miami Heat,2012-13 Season
LeBron James,20,15,1,2PT Field Goal,2,Miami Heat,2012-13 Season
LeBron James,-11,9,1,2PT Field Goal,1,Miami Heat,2012-13 Season
LeBron James,-18,42,1,2PT Field Goal,4,Miami Heat,2012-13 Season
LeBron James,-142,197,1,3PT Field Goal,24,Miami Heat,2012-13 Season
LeBron James,-16,7,1,2PT Field Goal,1,Miami Heat,2012-13 Season
LeBron James,-123,235,0,3PT Field Goal,26,Miami Heat,2012-13 Season
LeBron James,21,3,1,2PT Field Goal,2,Miami Heat,2012-13 Season
LeBron James,-29,11,0,2PT Field Goal,3,Miami Heat,2012-13 Season
LeBron James,-105,181,1,2PT Field Goal,20,Miami Heat,2012-13 Season
LeBron James,-27,214,1,2PT Field Goal,21,Miami Heat,2012-13 Season
LeBron James,-10,220,1,2PT Field Goal,22,Miami Heat,2012-13 Season
LeBron James,160,194,0,3PT Field Goal,25,Miami Heat,2012-13 Season
LeBron James,-100,233,0,3PT Field Goal,25,Miami Heat,2012-13 Season
LeBron James,170,28,1,2PT Field Goal,17,Miami Heat,2012-13 Season
LeBron James,100,192,1,2PT Field Goal,21,Miami Heat,2012-13 Season
LeBron James,-21,261,0,3PT Field Goal,26,Miami Heat,2012-13 Season
LeBron James,-2,6,1,2PT Field Goal,0,Miami Heat,2012-13 Season
LeBron James,-43,-8,0,2PT Field Goal,4,Miami Heat,2012-13 Season
LeBron James,17,-13,1,2PT Field Goal,2,Miami Heat,2012-13 Season
LeBron James,230,97,1,3PT Field Goal,24,Miami Heat,2012-13 Season
LeBron James,-78,127,0,2PT Field Goal,14,Miami Heat,2012-13 Season
LeBron James,185,-21,1,2PT Field Goal,18,Miami Heat,2012-13 Season
LeBron James,-119,219,0,3PT Field Goal,24,Miami Heat,2012-13 Season
LeBron James,12,-6,1,2PT Field Goal,1,Miami Heat,2012-13 Season
LeBron James,2,1,1,2PT Field Goal,0,Miami Heat,2012-13 Season
LeBron James,-84,236,0,3PT Field Goal,25,Miami Heat,2012-13 Season
LeBron James,70,1,1,2PT Field Goal,7,Miami Heat,2012-13 Season
LeBron James,4,-3,1,2PT Field Goal,0,Miami Heat,2012-13 Season
LeBron James,7,1,1,2PT Field Goal,0,Miami Heat,2012-13 Season
LeBron James,6,4,1,2PT Field Goal,0,Miami Heat,2012-13 Season
LeBron James,28,19,0,2PT Field Goal,3,Miami Heat,2012-13 Season
LeBron James,-112,134,0,2PT Field Goal,17,Miami Heat,2012-13 Season
LeBron James,-13,11,0,2PT Field Goal,1,Miami Heat,2012-13 Season
LeBron James,-114,126,1,2PT Field Goal,16,Miami Heat,2012-13 Season
LeBron James,0,12,1,2PT Field Goal,1,Miami Heat,2012-13 Season
LeBron James,-29,23,1,2PT Field Goal,3,Miami Heat,2012-13 Season
LeBron James,-13,11,1,2PT Field Goal,1,Miami Heat,2012-13 Season
LeBron James,-164,1,1,2PT Field Goal,16,Miami Heat,2012-13 Season
LeBron James,-232,56,0,3PT Field Goal,23,Miami Heat,2012-13 Season
LeBron James,47,63,1,2PT Field Goal,7,Miami Heat,2012-13 Season
LeBron James,-59,61,0,2PT Field Goal,8,Miami Heat,2012-13 Season
LeBron James,-21,25,1,2PT Field Goal,3,Miami Heat,2012-13 Season
LeBron James,89,170,0,2PT Field Goal,19,Miami Heat,2012-13 Season
LeBron James,-49,30,0,2PT Field Goal,5,Miami Heat,2012-13 Season
LeBron James,17,12,0,2PT Field Goal,2,Miami Heat,2012-13 Season
LeBron James,9,9,0,2PT Field Goal,1,Miami Heat,2012-13 Season
LeBron James,-97,9,1,2PT Field Goal,9,Miami Heat,2012-13 Season
LeBron James,130,124,1,2PT Field Goal,17,Miami Heat,2012-13 Season
LeBron James,-155,89,0,2PT Field Goal,17,Miami Heat,2012-13 Season
LeBron James,-2,7,1,2PT Field Goal,0,Miami Heat,2012-13 Season
LeBron James,15,206,0,2PT Field Goal,20,Miami Heat,2012-13 Season
LeBron James,-2,0,1,2PT Field Goal,0,Miami Heat,2012-13 Season
LeBron James,-182,-2,1,2PT Field Goal,18,Miami Heat,2012-13 Season
LeBron James,9,7,1,2PT Field Goal,1,Miami Heat,2012-13 Season
LeBron James,17,258,0,3PT Field Goal,25,Miami Heat,2012-13 Season
LeBron James,1,9,0,2PT Field Goal,0,Miami Heat,2012-13 Season
LeBron James,-8,7,1,2PT Field Goal,1,Miami Heat,2012-13 Season
LeBron James,0,15,1,2PT Field Goal,1,Miami Heat,2012-13 Season
LeBron James,-111,80,0,2PT Field Goal,13,Miami Heat,2012-13 Season
LeBron James,4,9,1,2PT Field Goal,0,Miami Heat,2012-13 Season
LeBron James,-76,23,1,2PT Field Goal,7,Miami Heat,2012-13 Season
LeBron James,92,173,0,2PT Field Goal,19,Miami Heat,2012-13 Season
LeBron James,-41,20,0,2PT Field Goal,4,Miami Heat,2012-13 Season
LeBron James,1,6,1,2PT Field Goal,0,Miami Heat,2012-13 Season
LeBron James,7,211,0,2PT Field Goal,21,Miami Heat,2012-13 Season
LeBron James,-3,-1,0,2PT Field Goal,0,Miami Heat,2012-13 Season
LeBron James,17,0,1,2PT Field Goal,1,Miami Heat,2012-13 Season
LeBron James,-202,148,1,3PT Field Goal,25,Miami Heat,2012-13 Season
LeBron James,-160,126,1,2PT Field Goal,20,Miami Heat,2012-13 Season
LeBron James,18,254,1,3PT Field Goal,25,Miami Heat,2012-13 Season
LeBron James,-123,63,0,2PT Field Goal,13,Miami Heat,2012-13 Season
LeBron James,-105,235,0,3PT Field Goal,25,Miami Heat,2012-13 Season
LeBron James,-59,26,0,2PT Field Goal,6,Miami Heat,2012-13 Season
LeBron James,1,7,0,2PT Field Goal,0,Miami Heat,2012-13 Season
LeBron James,-120,172,0,2PT Field Goal,20,Miami Heat,2012-13 Season
LeBron James,7,14,0,2PT Field Goal,1,Miami Heat,2012-13 Season
LeBron James,105,167,0,2PT Field Goal,19,Miami Heat,2012-13 Season
LeBron James,-108,167,0,2PT Field Goal,19,Miami Heat,2012-13 Season
LeBron James,-2,12,1,2PT Field Goal,1,Miami Heat,2012-13 Season
LeBron James,-93,11,0,2PT Field Goal,9,Miami Heat,2012-13 Season
LeBron James,16,131,1,2PT Field Goal,13,Miami Heat,2012-13 Season
LeBron James,-205,140,0,3PT Field Goal,24,Miami Heat,2012-13 Season
LeBron James,-78,241,1,3PT Field Goal,25,Miami Heat,2012-13 Season
LeBron James,166,28,0,2PT Field Goal,16,Miami Heat,2012-13 Season
LeBron James,7,0,1,2PT Field Goal,0,Miami Heat,2012-13 Season
LeBron James,-65,255,0,3PT Field Goal,26,Miami Heat,2012-13 Season
LeBron James,-8,11,0,2PT Field Goal,1,Miami Heat,2012-13 Season
LeBron James,4,7,1,2PT Field Goal,0,Miami Heat,2012-13 Season
LeBron James,-10,14,1,2PT Field Goal,1,Miami Heat,2012-13 Season
LeBron James,-13,-2,0,2PT Field Goal,1,Miami Heat,2012-13 Season
LeBron James,-54,33,0,2PT Field Goal,6,Miami Heat,2012-13 Season
LeBron James,209,148,0,3PT Field Goal,25,Miami Heat,2012-13 Season
LeBron James,-16,1,1,2PT Field Goal,1,Miami Heat,2012-13 Season
LeBron James,0,8,1,2PT Field Goal,0,Miami Heat,2012-13 Season
LeBron James,125,143,1,2PT Field Goal,18,Miami Heat,2012-13 Season
LeBron James,58,145,1,2PT Field Goal,15,Miami Heat,2012-13 Season
LeBron James,-45,94,0,2PT Field Goal,10,Miami Heat,2012-13 Season
LeBron James,103,187,0,2PT Field Goal,21,Miami Heat,2012-13 Season
LeBron James,173,178,1,3PT Field Goal,24,Miami Heat,2012-13 Season
LeBron James,-163,179,1,3PT Field Goal,24,Miami Heat,2012-13 Season
LeBron James,-199,138,0,3PT Field Goal,24,Miami Heat,2012-13 Season
LeBron James,7,15,1,2PT Field Goal,1,Miami Heat,2012-13 Season
LeBron James,-183,153,0,3PT Field Goal,23,Miami Heat,2012-13 Season
LeBron James,-18,1,1,2PT Field Goal,1,Miami Heat,2012-13 Season
LeBron James,-105,142,0,2PT Field Goal,17,Miami Heat,2012-13 Season
LeBron James,-8,11,1,2PT Field Goal,1,Miami Heat,2012-13 Season
LeBron James,-5,151,0,2PT Field Goal,15,Miami Heat,2012-13 Season
LeBron James,15,11,1,2PT Field Goal,1,Miami Heat,2012-13 Season
LeBron James,13,-3,1,2PT Field Goal,1,Miami Heat,2012-13 Season
LeBron James,-112,22,1,2PT Field Goal,11,Miami Heat,2012-13 Season
LeBron James,1,1,0,2PT Field Goal,0,Miami Heat,2012-13 Season
LeBron James,-54,39,1,2PT Field Goal,6,Miami Heat,2012-13 Season
LeBron James,-2,-8,1,2PT Field Goal,0,Miami Heat,2012-13 Season
LeBron James,228,45,0,3PT Field Goal,23,Miami Heat,2012-13 Season
LeBron James,-4,-6,1,2PT Field Goal,0,Miami Heat,2012-13 Season
LeBron James,124,220,0,3PT Field Goal,25,Miami Heat,2012-13 Season
LeBron James,159,181,1,3PT Field Goal,24,Miami Heat,2012-13 Season
LeBron James,2,0,1,2PT Field Goal,0,Miami Heat,2012-13 Season
LeBron James,84,12,0,2PT Field Goal,8,Miami Heat,2012-13 Season
LeBron James,94,246,0,3PT Field Goal,26,Miami Heat,2012-13 Season
LeBron James,2,14,1,2PT Field Goal,1,Miami Heat,2012-13 Season
LeBron James,13,9,0,2PT Field Goal,1,Miami Heat,2012-13 Season
LeBron James,127,154,1,2PT Field Goal,19,Miami Heat,2012-13 Season
LeBron James,-57,82,0,2PT Field Goal,9,Miami Heat,2012-13 Season
LeBron James,-8,11,1,2PT Field Goal,1,Miami Heat,2012-13 Season
LeBron James,26,257,0,3PT Field Goal,25,Miami Heat,2012-13 Season
LeBron James,0,3,1,2PT Field Goal,0,Miami Heat,2012-13 Season
LeBron James,1,6,1,2PT Field Goal,0,Miami Heat,2012-13 Season
LeBron James,0,255,1,3PT Field Goal,25,Miami Heat,2012-13 Season
LeBron James,-146,211,0,3PT Field Goal,25,Miami Heat,2012-13 Season
LeBron James,-152,26,0,2PT Field Goal,15,Miami Heat,2012-13 Season
LeBron James,-138,211,0,3PT Field Goal,25,Miami Heat,2012-13 Season
LeBron James,-24,4,1,2PT Field Goal,2,Miami Heat,2012-13 Season
LeBron James,97,233,0,3PT Field Goal,25,Miami Heat,2012-13 Season
LeBron James,-213,127,0,3PT Field Goal,24,Miami Heat,2012-13 Season
LeBron James,-8,12,1,2PT Field Goal,1,Miami Heat,2012-13 Season
LeBron James,9,250,1,3PT Field Goal,25,Miami Heat,2012-13 Season
LeBron James,-4,1,1,2PT Field Goal,0,Miami Heat,2012-13 Season
LeBron James,1,4,0,2PT Field Goal,0,Miami Heat,2012-13 Season
LeBron James,1,8,0,2PT Field Goal,0,Miami Heat,2012-13 Season
LeBron James,-1,14,1,2PT Field Goal,1,Miami Heat,2012-13 Season
LeBron James,-30,17,1,2PT Field Goal,3,Miami Heat,2012-13 Season
LeBron James,1,12,1,2PT Field Goal,1,Miami Heat,2012-13 Season
LeBron James,12,0,0,2PT Field Goal,1,Miami Heat,2012-13 Season
LeBron James,146,131,0,2PT Field Goal,19,Miami Heat,2012-13 Season
LeBron James,-218,116,0,3PT Field Goal,24,Miami Heat,2012-13 Season
LeBron James,4,28,0,2PT Field Goal,2,Miami Heat,2012-13 Season
LeBron James,0,14,1,2PT Field Goal,1,Miami Heat,2012-13 Season
LeBron James,39,15,0,2PT Field Goal,4,Miami Heat,2012-13 Season
LeBron James,192,168,1,3PT Field Goal,25,Miami Heat,2012-13 Season
LeBron James,6,9,1,2PT Field Goal,1,Miami Heat,2012-13 Season
LeBron James,-11,6,1,2PT Field Goal,1,Miami Heat,2012-13 Season
LeBron James,0,7,1,2PT Field Goal,0,Miami Heat,2012-13 Season
LeBron James,-112,137,0,2PT Field Goal,17,Miami Heat,2012-13 Season
LeBron James,-114,4,1,2PT Field Goal,11,Miami Heat,2012-13 Season
LeBron James,-153,1,0,2PT Field Goal,15,Miami Heat,2012-13 Season
LeBron James,-123,107,0,2PT Field Goal,16,Miami Heat,2012-13 Season
LeBron James,127,78,1,2PT Field Goal,14,Miami Heat,2012-13 Season
LeBron James,-127,9,0,2PT Field Goal,12,Miami Heat,2012-13 Season
LeBron James,10,14,1,2PT Field Goal,1,Miami Heat,2012-13 Season
LeBron James,39,22,1,2PT Field Goal,4,Miami Heat,2012-13 Season
LeBron James,-141,137,1,2PT Field Goal,19,Miami Heat,2012-13 Season
LeBron James,45,39,0,2PT Field Goal,5,Miami Heat,2012-13 Season
LeBron James,-127,66,0,2PT Field Goal,14,Miami Heat,2012-13 Season
LeBron James,0,11,1,2PT Field Goal,1,Miami Heat,2012-13 Season
LeBron James,-128,209,0,3PT Field Goal,24,Miami Heat,2012-13 Season
LeBron James,6,0,0,2PT Field Goal,0,Miami Heat,2012-13 Season
LeBron James,42,50,0,2PT Field Goal,6,Miami Heat,2012-13 Season
LeBron James,9,6,0,2PT Field Goal,1,Miami Heat,2012-13 Season
LeBron James,10,11,1,2PT Field Goal,1,Miami Heat,2012-13 Season
LeBron James,-157,197,0,3PT Field Goal,25,Miami Heat,2012-13 Season
LeBron James,99,47,0,2PT Field Goal,10,Miami Heat,2012-13 Season
LeBron James,7,6,1,2PT Field Goal,0,Miami Heat,2012-13 Season
LeBron James,2,6,0,2PT Field Goal,0,Miami Heat,2012-13 Season
LeBron James,-29,22,0,2PT Field Goal,3,Miami Heat,2012-13 Season
LeBron James,181,34,0,2PT Field Goal,18,Miami Heat,2012-13 Season
LeBron James,0,1,1,2PT Field Goal,0,Miami Heat,2012-13 Season
LeBron James,9,3,1,2PT Field Goal,0,Miami Heat,2012-13 Season
LeBron James,-10,-6,1,2PT Field Goal,1,Miami Heat,2012-13 Season
LeBron James,-177,194,1,3PT Field Goal,26,Miami Heat,2012-13 Season
LeBron James,2,3,1,2PT Field Goal,0,Miami Heat,2012-13 Season
LeBron James,-2,1,1,2PT Field Goal,0,Miami Heat,2012-13 Season
LeBron James,1,4,1,2PT Field Goal,0,Miami Heat,2012-13 Season
LeBron James,-169,189,0,3PT Field Goal,25,Miami Heat,2012-13 Season
LeBron James,-188,173,0,3PT Field Goal,25,Miami Heat,2012-13 Season
LeBron James,-10,14,0,2PT Field Goal,1,Miami Heat,2012-13 Season
LeBron James,1,19,1,2PT Field Goal,1,Miami Heat,2012-13 Season
LeBron James,9,255,0,3PT Field Goal,25,Miami Heat,2012-13 Season
LeBron James,198,80,0,2PT Field Goal,21,Miami Heat,2012-13 Season
LeBron James,209,-13,0,2PT Field Goal,20,Miami Heat,2012-13 Season
LeBron James,165,129,0,2PT Field Goal,20,Miami Heat,2012-13 Season
LeBron James,13,0,0,2PT Field Goal,1,Miami Heat,2012-13 Season
LeBron James,6,7,0,2PT Field Goal,0,Miami Heat,2012-13 Season
LeBron James,1,-2,1,2PT Field Goal,0,Miami Heat,2012-13 Season
LeBron James,171,83,0,2PT Field Goal,19,Miami Heat,2012-13 Season
LeBron James,4,12,0,2PT Field Goal,1,Miami Heat,2012-13 Season
LeBron James,0,1,1,2PT Field Goal,0,Miami Heat,2012-13 Season
LeBron James,-90,22,1,2PT Field Goal,9,Miami Heat,2012-13 Season
LeBron James,-116,31,1,2PT Field Goal,12,Miami Heat,2012-13 Season
LeBron James,1,3,1,2PT Field Goal,0,Miami Heat,2012-13 Season
LeBron James,111,132,0,2PT Field Goal,17,Miami Heat,2012-13 Season
LeBron James,0,-2,1,2PT Field Goal,0,Miami Heat,2012-13 Season
LeBron James,140,50,1,2PT Field Goal,14,Miami Heat,2012-13 Season
LeBron James,165,179,0,3PT Field Goal,24,Miami Heat,2012-13 Season
LeBron James,127,-6,1,2PT Field Goal,12,Miami Heat,2012-13 Season
LeBron James,157,-2,0,2PT Field Goal,15,Miami Heat,2012-13 Season
LeBron James,-4,173,0,2PT Field Goal,17,Miami Heat,2012-13 Season
LeBron James,0,3,0,2PT Field Goal,0,Miami Heat,2012-13 Season
LeBron James,-4,143,0,2PT Field Goal,14,Miami Heat,2012-13 Season
LeBron James,102,238,0,3PT Field Goal,25,Miami Heat,2012-13 Season
LeBron James,4,1,1,2PT Field Goal,0,Miami Heat,2012-13 Season
LeBron James,4,0,1,2PT Field Goal,0,Miami Heat,2012-13 Season
LeBron James,-2,-3,1,2PT Field Goal,0,Miami Heat,2012-13 Season
LeBron James,32,173,0,2PT Field Goal,17,Miami Heat,2012-13 Season
LeBron James,-112,-14,0,2PT Field Goal,11,Miami Heat,2012-13 Season
LeBron James,-87,-6,0,2PT Field Goal,8,Miami Heat,2012-13 Season
LeBron James,-177,119,1,2PT Field Goal,21,Miami Heat,2012-13 Season
LeBron James,233,-6,1,3PT Field Goal,23,Miami Heat,2012-13 Season
LeBron James,45,183,1,2PT Field Goal,18,Miami Heat,2012-13 Season
LeBron James,-13,1,0,2PT Field Goal,1,Miami Heat,2012-13 Season
LeBron James,20,6,1,2PT Field Goal,2,Miami Heat,2012-13 Season
LeBron James,225,101,0,3PT Field Goal,24,Miami Heat,2012-13 Season
LeBron James,237,12,0,3PT Field Goal,23,Miami Heat,2012-13 Season
LeBron James,-19,34,0,2PT Field Goal,3,Miami Heat,2012-13 Season
LeBron James,45,246,1,3PT Field Goal,25,Miami Heat,2012-13 Season
LeBron James,119,220,0,3PT Field Goal,25,Miami Heat,2012-13 Season
LeBron James,-37,211,1,2PT Field Goal,21,Miami Heat,2012-13 Season
LeBron James,230,11,0,3PT Field Goal,23,Miami Heat,2012-13 Season
LeBron James,-160,50,1,2PT Field Goal,16,Miami Heat,2012-13 Season
LeBron James,-120,42,0,2PT Field Goal,12,Miami Heat,2012-13 Season
LeBron James,-4,4,1,2PT Field Goal,0,Miami Heat,2012-13 Season
LeBron James,-8,6,1,2PT Field Goal,1,Miami Heat,2012-13 Season
LeBron James,0,3,1,2PT Field Goal,0,Miami Heat,2012-13 Season
LeBron James,-38,214,0,2PT Field Goal,21,Miami Heat,2012-13 Season
LeBron James,-10,9,0,2PT Field Goal,1,Miami Heat,2012-13 Season
LeBron James,-56,249,0,3PT Field Goal,25,Miami Heat,2012-13 Season
LeBron James,0,4,1,2PT Field Goal,0,Miami Heat,2012-13 Season
LeBron James,1,1,1,2PT Field Goal,0,Miami Heat,2012-13 Season
LeBron James,-2,12,1,2PT Field Goal,1,Miami Heat,2012-13 Season
LeBron James,-2,-2,1,2PT Field Goal,0,Miami Heat,2012-13 Season
LeBron James,138,157,0,2PT Field Goal,20,Miami Heat,2012-13 Season
LeBron James,53,247,0,3PT Field Goal,25,Miami Heat,2012-13 Season
LeBron James,1,9,1,2PT Field Goal,0,Miami Heat,2012-13 Season
LeBron James,-149,19,0,2PT Field Goal,15,Miami Heat,2012-13 Season
LeBron James,88,168,1,2PT Field Goal,18,Miami Heat,2012-13 Season
LeBron James,-188,160,0,3PT Field Goal,24,Miami Heat,2012-13 Season
LeBron James,1,1,1,2PT Field Goal,0,Miami Heat,2012-13 Season
LeBron James,-146,34,0,2PT Field Goal,14,Miami Heat,2012-13 Season
LeBron James,20,250,1,3PT Field Goal,25,Miami Heat,2012-13 Season
LeBron James,2,-5,0,2PT Field Goal,0,Miami Heat,2012-13 Season
LeBron James,-8,0,1,2PT Field Goal,0,Miami Heat,2012-13 Season
LeBron James,1,0,1,2PT Field Goal,0,Miami Heat,2012-13 Season
LeBron James,6,3,1,2PT Field Goal,0,Miami Heat,2012-13 Season
LeBron James,13,12,0,2PT Field Goal,1,Miami Heat,2012-13 Season
LeBron James,-2,19,0,2PT Field Goal,1,Miami Heat,2012-13 Season
LeBron James,2,12,0,2PT Field Goal,1,Miami Heat,2012-13 Season
LeBron James,2,1,1,2PT Field Goal,0,Miami Heat,2012-13 Season
LeBron James,-171,118,1,2PT Field Goal,20,Miami Heat,2012-13 Season
LeBron James,9,11,1,2PT Field Goal,1,Miami Heat,2012-13 Season
LeBron James,-160,17,0,2PT Field Goal,16,Miami Heat,2012-13 Season
LeBron James,-2,12,1,2PT Field Goal,1,Miami Heat,2012-13 Season
LeBron James,-234,11,0,3PT Field Goal,23,Miami Heat,2012-13 Season
LeBron James,-7,14,0,2PT Field Goal,1,Miami Heat,2012-13 Season
LeBron James,12,266,0,3PT Field Goal,26,Miami Heat,2012-13 Season
LeBron James,-2,11,0,2PT Field Goal,1,Miami Heat,2012-13 Season
LeBron James,0,7,1,2PT Field Goal,0,Miami Heat,2012-13 Season
LeBron James,-7,3,1,2PT Field Goal,0,Miami Heat,2012-13 Season
LeBron James,-8,34,0,2PT Field Goal,3,Miami Heat,2012-13 Season
LeBron James,-210,137,1,3PT Field Goal,25,Miami Heat,2012-13 Season
LeBron James,0,6,0,2PT Field Goal,0,Miami Heat,2012-13 Season
LeBron James,-7,-13,1,2PT Field Goal,1,Miami Heat,2012-13 Season
LeBron James,-180,181,1,3PT Field Goal,25,Miami Heat,2012-13 Season
LeBron James,108,230,1,3PT Field Goal,25,Miami Heat,2012-13 Season
LeBron James,-191,168,0,3PT Field Goal,25,Miami Heat,2012-13 Season
LeBron James,-34,69,0,2PT Field Goal,7,Miami Heat,2012-13 Season
LeBron James,4,-3,0,2PT Field Goal,0,Miami Heat,2012-13 Season
LeBron James,-174,58,0,2PT Field Goal,18,Miami Heat,2012-13 Season
LeBron James,-6,9,0,2PT Field Goal,1,Miami Heat,2012-13 Season
LeBron James,1,-2,0,2PT Field Goal,0,Miami Heat,2012-13 Season
LeBron James,133,208,0,3PT Field Goal,24,Miami Heat,2012-13 Season
LeBron James,-13,3,1,2PT Field Goal,1,Miami Heat,2012-13 Season
LeBron James,-2,34,0,2PT Field Goal,3,Miami Heat,2012-13 Season
LeBron James,-180,30,1,2PT Field Goal,18,Miami Heat,2012-13 Season
LeBron James,12,-2,1,2PT Field Goal,1,Miami Heat,2012-13 Season
LeBron James,-108,53,1,2PT Field Goal,12,Miami Heat,2012-13 Season
LeBron James,15,7,1,2PT Field Goal,1,Miami Heat,2012-13 Season
LeBron James,12,7,0,2PT Field Goal,1,Miami Heat,2012-13 Season
LeBron James,170,91,1,2PT Field Goal,19,Miami Heat,2012-13 Season
LeBron James,78,246,1,3PT Field Goal,25,Miami Heat,2012-13 Season
LeBron James,-4,222,0,2PT Field Goal,22,Miami Heat,2012-13 Season
LeBron James,-5,19,1,2PT Field Goal,1,Miami Heat,2012-13 Season
LeBron James,-2,14,1,2PT Field Goal,1,Miami Heat,2012-13 Season
LeBron James,-16,11,1,2PT Field Goal,1,Miami Heat,2012-13 Season
LeBron James,168,116,1,2PT Field Goal,20,Miami Heat,2012-13 Season
LeBron James,155,113,1,2PT Field Goal,19,Miami Heat,2012-13 Season
LeBron James,-5,4,0,2PT Field Goal,0,Miami Heat,2012-13 Season
LeBron James,-5,0,1,2PT Field Goal,0,Miami Heat,2012-13 Season
LeBron James,-133,30,1,2PT Field Goal,13,Miami Heat,2012-13 Season
LeBron James,7,4,1,2PT Field Goal,0,Miami Heat,2012-13 Season
LeBron James,4,9,1,2PT Field Goal,0,Miami Heat,2012-13 Season
LeBron James,0,-2,1,2PT Field Goal,0,Miami Heat,2012-13 Season
LeBron James,15,3,1,2PT Field Goal,1,Miami Heat,2012-13 Season
LeBron James,2,3,1,2PT Field Goal,0,Miami Heat,2012-13 Season
LeBron James,-117,236,0,3PT Field Goal,26,Miami Heat,2012-13 Season
LeBron James,-123,96,1,2PT Field Goal,15,Miami Heat,2012-13 Season
LeBron James,80,134,1,2PT Field Goal,15,Miami Heat,2012-13 Season
LeBron James,-103,127,1,2PT Field Goal,16,Miami Heat,2012-13 Season
LeBron James,-157,93,0,2PT Field Goal,18,Miami Heat,2012-13 Season
LeBron James,4,6,1,2PT Field Goal,0,Miami Heat,2012-13 Season
LeBron James,17,12,1,2PT Field Goal,2,Miami Heat,2012-13 Season
LeBron James,-2,19,1,2PT Field Goal,1,Miami Heat,2012-13 Season
LeBron James,-26,20,1,2PT Field Goal,3,Miami Heat,2012-13 Season
LeBron James,-23,22,0,2PT Field Goal,3,Miami Heat,2012-13 Season
LeBron James,100,108,0,2PT Field Goal,14,Miami Heat,2012-13 Season
LeBron James,-128,167,0,2PT Field Goal,21,Miami Heat,2012-13 Season
LeBron James,136,107,0,2PT Field Goal,17,Miami Heat,2012-13 Season
LeBron James,-82,58,1,2PT Field Goal,10,Miami Heat,2012-13 Season
LeBron James,2,74,0,2PT Field Goal,7,Miami Heat,2012-13 Season
LeBron James,15,9,0,2PT Field Goal,1,Miami Heat,2012-13 Season
LeBron James,12,17,0,2PT Field Goal,2,Miami Heat,2012-13 Season
LeBron James,7,20,1,2PT Field Goal,2,Miami Heat,2012-13 Season
LeBron James,-5,14,1,2PT Field Goal,1,Miami Heat,2012-13 Season
LeBron James,0,9,1,2PT Field Goal,0,Miami Heat,2012-13 Season
LeBron James,10,22,1,2PT Field Goal,2,Miami Heat,2012-13 Season
LeBron James,-201,28,1,2PT Field Goal,20,Miami Heat,2012-13 Season
LeBron James,-182,165,1,3PT Field Goal,24,Miami Heat,2012-13 Season
LeBron James,-163,190,1,3PT Field Goal,25,Miami Heat,2012-13 Season
LeBron James,-187,176,0,3PT Field Goal,25,Miami Heat,2012-13 Season
LeBron James,45,11,1,2PT Field Goal,4,Miami Heat,2012-13 Season
LeBron James,4,11,0,2PT Field Goal,1,Miami Heat,2012-13 Season
LeBron James,21,3,1,2PT Field Goal,2,Miami Heat,2012-13 Season
LeBron James,24,14,1,2PT Field Goal,2,Miami Heat,2012-13 Season
LeBron James,17,9,1,2PT Field Goal,1,Miami Heat,2012-13 Season
LeBron James,6,11,1,2PT Field Goal,1,Miami Heat,2012-13 Season
LeBron James,-177,170,0,3PT Field Goal,24,Miami Heat,2012-13 Season
LeBron James,-183,20,0,2PT Field Goal,18,Miami Heat,2012-13 Season
LeBron James,0,14,1,2PT Field Goal,1,Miami Heat,2012-13 Season
LeBron James,-108,6,0,2PT Field Goal,10,Miami Heat,2012-13 Season
LeBron James,15,-2,1,2PT Field Goal,1,Miami Heat,2012-13 Season
LeBron James,165,187,0,3PT Field Goal,24,Miami Heat,2012-13 Season
LeBron James,2,11,1,2PT Field Goal,1,Miami Heat,2012-13 Season
LeBron James,-19,0,1,2PT Field Goal,1,Miami Heat,2012-13 Season
LeBron James,-131,175,0,2PT Field Goal,21,Miami Heat,2012-13 Season
LeBron James,4,14,1,2PT Field Goal,1,Miami Heat,2012-13 Season
LeBron James,9,186,1,2PT Field Goal,18,Miami Heat,2012-13 Season
LeBron James,73,247,1,3PT Field Goal,25,Miami Heat,2012-13 Season
LeBron James,-149,214,1,3PT Field Goal,26,Miami Heat,2012-13 Season
LeBron James,-174,176,1,3PT Field Goal,24,Miami Heat,2012-13 Season
LeBron James,-199,162,1,3PT Field Goal,25,Miami Heat,2012-13 Season
LeBron James,118,189,1,2PT Field Goal,22,Miami Heat,2012-13 Season
LeBron James,2,269,1,3PT Field Goal,26,Miami Heat,2012-13 Season
LeBron James,114,67,1,2PT Field Goal,13,Miami Heat,2012-13 Season
LeBron James,138,209,1,3PT Field Goal,25,Miami Heat,2012-13 Season
LeBron James,-19,252,0,3PT Field Goal,25,Miami Heat,2012-13 Season
LeBron James,-183,45,0,2PT Field Goal,18,Miami Heat,2012-13 Season
LeBron James,127,102,0,2PT Field Goal,16,Miami Heat,2012-13 Season
LeBron James,4,17,1,2PT Field Goal,1,Miami Heat,2012-13 Season
LeBron James,-175,189,0,3PT Field Goal,25,Miami Heat,2012-13 Season
LeBron James,212,138,0,3PT Field Goal,25,Miami Heat,2012-13 Season
LeBron James,124,9,0,2PT Field Goal,12,Miami Heat,2012-13 Season
LeBron James,-10,12,1,2PT Field Goal,1,Miami Heat,2012-13 Season
LeBron James,94,230,1,3PT Field Goal,24,Miami Heat,2012-13 Season
LeBron James,-78,142,1,2PT Field Goal,16,Miami Heat,2012-13 Season
LeBron James,2,17,0,2PT Field Goal,1,Miami Heat,2012-13 Season
LeBron James,17,274,1,3PT Field Goal,27,Miami Heat,2012-13 Season
LeBron James,-16,11,1,2PT Field Goal,1,Miami Heat,2012-13 Season
LeBron James,-30,11,1,2PT Field Goal,3,Miami Heat,2012-13 Season
LeBron James,-67,47,1,2PT Field Goal,8,Miami Heat,2012-13 Season
LeBron James,-117,11,0,2PT Field Goal,11,Miami Heat,2012-13 Season
LeBron James,159,137,1,2PT Field Goal,20,Miami Heat,2012-13 Season
LeBron James,190,-8,1,2PT Field Goal,19,Miami Heat,2012-13 Season
LeBron James,-120,14,1,2PT Field Goal,12,Miami Heat,2012-13 Season
LeBron James,-175,175,0,3PT Field Goal,24,Miami Heat,2012-13 Season
LeBron James,-106,189,1,2PT Field Goal,21,Miami Heat,2012-13 Season
LeBron James,147,145,0,2PT Field Goal,20,Miami Heat,2012-13 Season
LeBron James,1,14,1,2PT Field Goal,1,Miami Heat,2012-13 Season
LeBron James,-4,1,1,2PT Field Goal,0,Miami Heat,2012-13 Season
LeBron James,10,6,0,2PT Field Goal,1,Miami Heat,2012-13 Season
LeBron James,15,3,1,2PT Field Goal,1,Miami Heat,2012-13 Season
LeBron James,-34,34,0,2PT Field Goal,4,Miami Heat,2012-13 Season
LeBron James,0,-2,1,2PT Field Goal,0,Miami Heat,2012-13 Season
LeBron James,201,72,1,2PT Field Goal,21,Miami Heat,2012-13 Season
LeBron James,4,7,1,2PT Field Goal,0,Miami Heat,2012-13 Season
LeBron James,12,7,1,2PT Field Goal,1,Miami Heat,2012-13 Season
LeBron James,95,126,0,2PT Field Goal,15,Miami Heat,2012-13 Season
LeBron James,-81,0,1,2PT Field Goal,8,Miami Heat,2012-13 Season
LeBron James,-112,168,1,2PT Field Goal,20,Miami Heat,2012-13 Season
LeBron James,-174,39,1,2PT Field Goal,17,Miami Heat,2012-13 Season
LeBron James,-188,159,0,3PT Field Goal,24,Miami Heat,2012-13 Season
LeBron James,-43,33,1,2PT Field Goal,5,Miami Heat,2012-13 Season
LeBron James,-155,134,1,2PT Field Goal,20,Miami Heat,2012-13 Season
LeBron James,-122,74,0,2PT Field Goal,14,Miami Heat,2012-13 Season
LeBron James,-8,11,0,2PT Field Goal,1,Miami Heat,2012-13 Season
LeBron James,7,0,1,2PT Field Goal,0,Miami Heat,2012-13 Season
LeBron James,-2,12,1,2PT Field Goal,1,Miami Heat,2012-13 Season
LeBron James,-34,26,0,2PT Field Goal,4,Miami Heat,2012-13 Season
LeBron James,-10,11,1,2PT Field Goal,1,Miami Heat,2012-13 Season
LeBron James,1,1,1,2PT Field Goal,0,Miami Heat,2012-13 Season
LeBron James,-57,198,0,2PT Field Goal,20,Miami Heat,2012-13 Season
LeBron James,1,3,1,2PT Field Goal,0,Miami Heat,2012-13 Season
LeBron James,4,1,1,2PT Field Goal,0,Miami Heat,2012-13 Season
LeBron James,1,1,1,2PT Field Goal,0,Miami Heat,2012-13 Season
LeBron James,0,1,1,2PT Field Goal,0,Miami Heat,2012-13 Season
LeBron James,9,12,1,2PT Field Goal,1,Miami Heat,2012-13 Season
LeBron James,42,198,1,2PT Field Goal,20,Miami Heat,2012-13 Season
LeBron James,7,4,1,2PT Field Goal,0,Miami Heat,2012-13 Season
LeBron James,228,36,1,3PT Field Goal,23,Miami Heat,2012-13 Season
LeBron James,2,7,1,2PT Field Goal,0,Miami Heat,2012-13 Season
LeBron James,2,0,1,2PT Field Goal,0,Miami Heat,2012-13 Season
LeBron James,12,4,1,2PT Field Goal,1,Miami Heat,2012-13 Season
LeBron James,4,3,1,2PT Field Goal,0,Miami Heat,2012-13 Season
LeBron James,110,121,1,2PT Field Goal,16,Miami Heat,2012-13 Season
LeBron James,182,14,0,2PT Field Goal,18,Miami Heat,2012-13 Season
LeBron James,10,1,0,2PT Field Goal,1,Miami Heat,2012-13 Season
LeBron James,-89,60,0,2PT Field Goal,10,Miami Heat,2012-13 Season
LeBron James,37,34,0,2PT Field Goal,5,Miami Heat,2012-13 Season
LeBron James,92,88,0,2PT Field Goal,12,Miami Heat,2012-13 Season
